,index,page,link,partition_key,file_name,file_extension,file_size_bytes,modified_at,external_id,download_link
0,0,1,https://app.deweydata.io/api/v1/downloads/0198190c-3296-7ed1-b926-457e14953fd5/link,2019-01,data_01bca733-0205-6d70-0042-fa0702a16be6_1604_1_0.csv.gz,.csv.gz,419440114,2025-05-28T15:49:12.271000+00:00,dwll_0198190c-3296-7ed1-b926-457e14953fd5,https://app.deweydata.io/api/v1/downloads/0198190c-3296-7ed1-b926-457e14953fd5/link
1,1,1,https://app.deweydata.io/api/v1/downloads/0198190c-3296-7ed1-b926-458930dd9abb/link,2019-01,data_01bca733-0205-6d70-0042-fa0702a16be6_1604_1_1.csv.gz,.csv.gz,373725494,2025-05-28T15:51:52.474000+00:00,dwll_0198190c-3296-7ed1-b926-458930dd9abb,https://app.deweydata.io/api/v1/downloads/0198190c-3296-7ed1-b926-458930dd9abb/link
2,2,1,https://app.deweydata.io/api/v1/downloads/0198190c-3296-7ed1-b926-459186f2b897/link,2019-02,data_01bca733-0205-6d70-0042-fa0702a16be6_904_4_0.csv.gz,.csv.gz,419460411,2025-05-28T15:49:13.584000+00:00,dwll_0198190c-3296-7ed1-b926-459186f2b897,https://app.deweydata.io/api/v1/downloads/0198190c-3296-7ed1-b926-459186f2b897/link
3,3,1,https://app.deweydata.io/api/v1/downloads/0198190c-3296-7ed1-b926-45acddcab36a/link,2019-02,data_01bca733-0205-6d70-0042-fa0702a16be6_904_4_1.csv.gz,.csv.gz,384443572,2025-05-28T15:51:52.473000+00:00,dwll_0198190c-3296-7ed1-b926-45acddcab36a,https://app.deweydata.io/api/v1/downloads/0198190c-3296-7ed1-b926-45acddcab36a/link
4,4,1,https://app.deweydata.io/api/v1/downloads/0198190c-3296-7ed1-b926-45baadca5c84/link,2019-03,data_01bca733-0205-6d70-0042-fa0702a16be6_1004_1_0.csv.gz,.csv.gz,419467026,2025-05-28T15:48:57.667000+00:00,dwll_0198190c-3296-7ed1-b926-45baadca5c84,https://app.deweydata.io/api/v1/downloads/0198190c-3296-7ed1-b926-45baadca5c84/link
5,5,1,https://app.deweydata.io/api/v1/downloads/0198190c-3296-7ed1-b926-45c49d35e60b/link,2019-03,data_01bca733-0205-6d70-0042-fa0702a16be6_1004_1_1.csv.gz,.csv.gz,419473552,2025-05-28T15:50:24.035000+00:00,dwll_0198190c-3296-7ed1-b926-45c49d35e60b,https://app.deweydata.io/api/v1/downloads/0198190c-3296-7ed1-b926-45c49d35e60b/link
6,6,1,https://app.deweydata.io/api/v1/downloads/0198190c-3296-7ed1-b926-45d21bb2f5a2/link,2019-03,data_01bca733-0205-6d70-0042-fa0702a16be6_1004_1_2.csv.gz,.csv.gz,203461736,2025-05-28T15:51:52.473000+00:00,dwll_0198190c-3296-7ed1-b926-45d21bb2f5a2,https://app.deweydata.io/api/v1/downloads/0198190c-3296-7ed1-b926-45d21bb2f5a2/link
7,7,1,https://app.deweydata.io/api/v1/downloads/0198190c-3296-7ed1-b926-45ee304cf065/link,2019-04,data_01bca733-0205-6d70-0042-fa0702a16be6_2204_7_0.csv.gz,.csv.gz,419444149,2025-05-28T15:49:36.580000+00:00,dwll_0198190c-3296-7ed1-b926-45ee304cf065,https://app.deweydata.io/api/v1/downloads/0198190c-3296-7ed1-b926-45ee304cf065/link
8,8,1,https://app.deweydata.io/api/v1/downloads/0198190c-3296-7ed1-b926-45fad1ffb3e1/link,2019-04,data_01bca733-0205-6d70-0042-fa0702a16be6_2204_7_1.csv.gz,.csv.gz,393157232,2025-05-28T15:51:52.476000+00:00,dwll_0198190c-3296-7ed1-b926-45fad1ffb3e1,https://app.deweydata.io/api/v1/downloads/0198190c-3296-7ed1-b926-45fad1ffb3e1/link
9,9,1,https://app.deweydata.io/api/v1/downloads/0198190c-3296-7ed1-b926-460fca1aecfe/link,2019-05,data_01bca733-0205-6d70-0042-fa0702a16be6_2104_4_0.csv.gz,.csv.gz,419471400,2025-05-28T15:49:28.671000+00:00,dwll_0198190c-3296-7ed1-b926-460fca1aecfe,https://app.deweydata.io/api/v1/downloads/0198190c-3296-7ed1-b926-460fca1aecfe/link
10,10,1,https://app.deweydata.io/api/v1/downloads/0198190c-3296-7ed1-b926-461330de21b8/link,2019-05,data_01bca733-0205-6d70-0042-fa0702a16be6_2104_4_1.csv.gz,.csv.gz,391735575,2025-05-28T15:51:52.471000+00:00,dwll_0198190c-3296-7ed1-b926-461330de21b8,https://app.deweydata.io/api/v1/downloads/0198190c-3296-7ed1-b926-461330de21b8/link
11,11,1,https://app.deweydata.io/api/v1/downloads/0198190c-3296-7ed1-b926-4620eea6e213/link,2019-06,data_01bca733-0205-6d70-0042-fa0702a16be6_1104_0_0.csv.gz,.csv.gz,419480897,2025-05-28T15:49:11.159000+00:00,dwll_0198190c-3296-7ed1-b926-4620eea6e213,https://app.deweydata.io/api/v1/downloads/0198190c-3296-7ed1-b926-4620eea6e213/link
12,12,1,https://app.deweydata.io/api/v1/downloads/0198190c-3296-7ed1-b926-463d1889ef6d/link,2019-06,data_01bca733-0205-6d70-0042-fa0702a16be6_1104_0_1.csv.gz,.csv.gz,419473077,2025-05-28T15:50:22.401000+00:00,dwll_0198190c-3296-7ed1-b926-463d1889ef6d,https://app.deweydata.io/api/v1/downloads/0198190c-3296-7ed1-b926-463d1889ef6d/link
13,13,1,https://app.deweydata.io/api/v1/downloads/0198190c-3296-7ed1-b926-464afab922d3/link,2019-06,data_01bca733-0205-6d70-0042-fa0702a16be6_1104_0_2.csv.gz,.csv.gz,215442591,2025-05-28T15:51:52.514000+00:00,dwll_0198190c-3296-7ed1-b926-464afab922d3,https://app.deweydata.io/api/v1/downloads/0198190c-3296-7ed1-b926-464afab922d3/link
14,14,1,https://app.deweydata.io/api/v1/downloads/0198190c-3296-7ed1-b926-4658a61ab077/link,2019-07,data_01bca733-0205-6d70-0042-fa0702a16be6_1104_0_0.csv.gz,.csv.gz,419465335,2025-05-28T15:49:11.586000+00:00,dwll_0198190c-3296-7ed1-b926-4658a61ab077,https://app.deweydata.io/api/v1/downloads/0198190c-3296-7ed1-b926-4658a61ab077/link
15,15,1,https://app.deweydata.io/api/v1/downloads/0198190c-3296-7ed1-b926-46688bb53e39/link,2019-07,data_01bca733-0205-6d70-0042-fa0702a16be6_1104_0_1.csv.gz,.csv.gz,419433931,2025-05-28T15:51:50.137000+00:00,dwll_0198190c-3296-7ed1-b926-46688bb53e39,https://app.deweydata.io/api/v1/downloads/0198190c-3296-7ed1-b926-46688bb53e39/link
16,16,1,https://app.deweydata.io/api/v1/downloads/0198190c-3296-7ed1-b926-467a9b147f98/link,2019-07,data_01bca733-0205-6d70-0042-fa0702a16be6_1104_0_2.csv.gz,.csv.gz,3228892,2025-05-28T15:52:00.485000+00:00,dwll_0198190c-3296-7ed1-b926-467a9b147f98,https://app.deweydata.io/api/v1/downloads/0198190c-3296-7ed1-b926-467a9b147f98/link
17,17,1,https://app.deweydata.io/api/v1/downloads/0198190c-3296-7ed1-b926-4689e52345fd/link,2019-08,data_01bca733-0205-6d70-0042-fa0702a16be6_1104_7_0.csv.gz,.csv.gz,419466913,2025-05-28T15:49:45.801000+00:00,dwll_0198190c-3296-7ed1-b926-4689e52345fd,https://app.deweydata.io/api/v1/downloads/0198190c-3296-7ed1-b926-4689e52345fd/link
18,18,1,https://app.deweydata.io/api/v1/downloads/0198190c-3296-7ed1-b926-4698d1aa78e9/link,2019-08,data_01bca733-0205-6d70-0042-fa0702a16be6_1104_7_1.csv.gz,.csv.gz,412717381,2025-05-28T15:51:52.477000+00:00,dwll_0198190c-3296-7ed1-b926-4698d1aa78e9,https://app.deweydata.io/api/v1/downloads/0198190c-3296-7ed1-b926-4698d1aa78e9/link
19,19,1,https://app.deweydata.io/api/v1/downloads/0198190c-3296-7ed1-b926-46a7874beabd/link,2019-09,data_01bca733-0205-6d70-0042-fa0702a16be6_1604_2_0.csv.gz,.csv.gz,419443584,2025-05-28T15:48:44.136000+00:00,dwll_0198190c-3296-7ed1-b926-46a7874beabd,https://app.deweydata.io/api/v1/downloads/0198190c-3296-7ed1-b926-46a7874beabd/link
20,20,1,https://app.deweydata.io/api/v1/downloads/0198190c-3296-7ed1-b926-46ba601181dc/link,2019-09,data_01bca733-0205-6d70-0042-fa0702a16be6_1604_2_1.csv.gz,.csv.gz,419464894,2025-05-28T15:50:22.212000+00:00,dwll_0198190c-3296-7ed1-b926-46ba601181dc,https://app.deweydata.io/api/v1/downloads/0198190c-3296-7ed1-b926-46ba601181dc/link
21,21,1,https://app.deweydata.io/api/v1/downloads/0198190c-3296-7ed1-b926-46c9136cf005/link,2019-09,data_01bca733-0205-6d70-0042-fa0702a16be6_1604_2_2.csv.gz,.csv.gz,180410972,2025-05-28T15:51:52.467000+00:00,dwll_0198190c-3296-7ed1-b926-46c9136cf005,https://app.deweydata.io/api/v1/downloads/0198190c-3296-7ed1-b926-46c9136cf005/link
22,22,1,https://app.deweydata.io/api/v1/downloads/0198190c-3296-7ed1-b926-46dd6dcd7c08/link,2019-10,data_01bca733-0205-6d70-0042-fa0702a16be6_3004_3_0.csv.gz,.csv.gz,419463911,2025-05-28T15:49:32.103000+00:00,dwll_0198190c-3296-7ed1-b926-46dd6dcd7c08,https://app.deweydata.io/api/v1/downloads/0198190c-3296-7ed1-b926-46dd6dcd7c08/link
23,23,1,https://app.deweydata.io/api/v1/downloads/0198190c-3296-7ed1-b926-46e075193ace/link,2019-10,data_01bca733-0205-6d70-0042-fa0702a16be6_3004_3_1.csv.gz,.csv.gz,387427407,2025-05-28T15:51:52.471000+00:00,dwll_0198190c-3296-7ed1-b926-46e075193ace,https://app.deweydata.io/api/v1/downloads/0198190c-3296-7ed1-b926-46e075193ace/link
24,24,1,https://app.deweydata.io/api/v1/downloads/0198190c-3296-7ed1-b926-46f455e1733d/link,2019-11,data_01bca733-0205-6d70-0042-fa0702a16be6_204_3_0.csv.gz,.csv.gz,419469628,2025-05-28T15:49:19.551000+00:00,dwll_0198190c-3296-7ed1-b926-46f455e1733d,https://app.deweydata.io/api/v1/downloads/0198190c-3296-7ed1-b926-46f455e1733d/link
25,25,1,https://app.deweydata.io/api/v1/downloads/0198190c-3296-7ed1-b926-470e8cca75c8/link,2019-11,data_01bca733-0205-6d70-0042-fa0702a16be6_204_3_1.csv.gz,.csv.gz,387763459,2025-05-28T15:51:52.475000+00:00,dwll_0198190c-3296-7ed1-b926-470e8cca75c8,https://app.deweydata.io/api/v1/downloads/0198190c-3296-7ed1-b926-470e8cca75c8/link
26,26,1,https://app.deweydata.io/api/v1/downloads/0198190c-3296-7ed1-b926-471cd28ffdba/link,2020-01,data_01bca733-0205-6d70-0042-fa0702a16be6_1804_4_0.csv.gz,.csv.gz,419432796,2025-05-28T15:49:29.727000+00:00,dwll_0198190c-3296-7ed1-b926-471cd28ffdba,https://app.deweydata.io/api/v1/downloads/0198190c-3296-7ed1-b926-471cd28ffdba/link
27,27,1,https://app.deweydata.io/api/v1/downloads/0198190c-3296-7ed1-b926-472029b9e1a5/link,2020-01,data_01bca733-0205-6d70-0042-fa0702a16be6_1804_4_1.csv.gz,.csv.gz,376104735,2025-05-28T15:51:52.471000+00:00,dwll_0198190c-3296-7ed1-b926-472029b9e1a5,https://app.deweydata.io/api/v1/downloads/0198190c-3296-7ed1-b926-472029b9e1a5/link
28,28,1,https://app.deweydata.io/api/v1/downloads/0198190c-3296-7ed1-b926-4730aca697dd/link,2020-02,data_01bca733-0205-6d70-0042-fa0702a16be6_2904_6_0.csv.gz,.csv.gz,419447577,2025-05-28T15:48:47.877000+00:00,dwll_0198190c-3296-7ed1-b926-4730aca697dd,https://app.deweydata.io/api/v1/downloads/0198190c-3296-7ed1-b926-4730aca697dd/link
29,29,1,https://app.deweydata.io/api/v1/downloads/0198190c-3296-7ed1-b926-4743d71a09f1/link,2020-02,data_01bca733-0205-6d70-0042-fa0702a16be6_2904_6_1.csv.gz,.csv.gz,379858652,2025-05-28T15:51:52.468000+00:00,dwll_0198190c-3296-7ed1-b926-4743d71a09f1,https://app.deweydata.io/api/v1/downloads/0198190c-3296-7ed1-b926-4743d71a09f1/link
30,30,1,https://app.deweydata.io/api/v1/downloads/0198190c-3296-7ed1-b926-4758ead23166/link,2020-03,data_01bca733-0205-6d70-0042-fa0702a16be6_1404_6_0.csv.gz,.csv.gz,419440454,2025-05-28T15:49:27.777000+00:00,dwll_0198190c-3296-7ed1-b926-4758ead23166,https://app.deweydata.io/api/v1/downloads/0198190c-3296-7ed1-b926-4758ead23166/link
31,31,1,https://app.deweydata.io/api/v1/downloads/0198190c-3296-7ed1-b926-476417f22cd2/link,2020-03,data_01bca733-0205-6d70-0042-fa0702a16be6_1404_6_1.csv.gz,.csv.gz,390566977,2025-05-28T15:51:52.473000+00:00,dwll_0198190c-3296-7ed1-b926-476417f22cd2,https://app.deweydata.io/api/v1/downloads/0198190c-3296-7ed1-b926-476417f22cd2/link
32,32,1,https://app.deweydata.io/api/v1/downloads/0198190c-3296-7ed1-b926-47726fc87b2c/link,2020-04,data_01bca733-0205-6d70-0042-fa0702a16be6_1304_2_0.csv.gz,.csv.gz,419483479,2025-05-28T15:50:39.682000+00:00,dwll_0198190c-3296-7ed1-b926-47726fc87b2c,https://app.deweydata.io/api/v1/downloads/0198190c-3296-7ed1-b926-47726fc87b2c/link
33,33,1,https://app.deweydata.io/api/v1/downloads/0198190c-3296-7ed1-b926-478a9b68be9c/link,2020-04,data_01bca733-0205-6d70-0042-fa0702a16be6_1304_2_1.csv.gz,.csv.gz,68172908,2025-05-28T15:51:52.471000+00:00,dwll_0198190c-3296-7ed1-b926-478a9b68be9c,https://app.deweydata.io/api/v1/downloads/0198190c-3296-7ed1-b926-478a9b68be9c/link
34,34,1,https://app.deweydata.io/api/v1/downloads/0198190c-3296-7ed1-b926-4793791ffabb/link,2020-05,data_01bca733-0205-6d70-0042-fa0702a16be6_2904_0_0.csv.gz,.csv.gz,419436094,2025-05-28T15:49:33.931000+00:00,dwll_0198190c-3296-7ed1-b926-4793791ffabb,https://app.deweydata.io/api/v1/downloads/0198190c-3296-7ed1-b926-4793791ffabb/link
35,35,1,https://app.deweydata.io/api/v1/downloads/0198190c-3296-7ed1-b926-47a73a9b8ff8/link,2020-05,data_01bca733-0205-6d70-0042-fa0702a16be6_2904_0_1.csv.gz,.csv.gz,419441408,2025-05-28T15:51:49.048000+00:00,dwll_0198190c-3296-7ed1-b926-47a73a9b8ff8,https://app.deweydata.io/api/v1/downloads/0198190c-3296-7ed1-b926-47a73a9b8ff8/link
36,36,1,https://app.deweydata.io/api/v1/downloads/0198190c-3296-7ed1-b926-47b3368bb4dc/link,2020-05,data_01bca733-0205-6d70-0042-fa0702a16be6_2904_0_2.csv.gz,.csv.gz,12457494,2025-05-28T15:51:52.473000+00:00,dwll_0198190c-3296-7ed1-b926-47b3368bb4dc,https://app.deweydata.io/api/v1/downloads/0198190c-3296-7ed1-b926-47b3368bb4dc/link
37,37,1,https://app.deweydata.io/api/v1/downloads/0198190c-3296-7ed1-b926-47c87b2e1fb3/link,2020-06,data_01bca733-0205-6d70-0042-fa0702a16be6_1804_2_0.csv.gz,.csv.gz,419439621,2025-05-28T15:50:06.769000+00:00,dwll_0198190c-3296-7ed1-b926-47c87b2e1fb3,https://app.deweydata.io/api/v1/downloads/0198190c-3296-7ed1-b926-47c87b2e1fb3/link
38,38,1,https://app.deweydata.io/api/v1/downloads/0198190c-3296-7ed1-b926-47def3080646/link,2020-06,data_01bca733-0205-6d70-0042-fa0702a16be6_1804_2_1.csv.gz,.csv.gz,375497538,2025-05-28T15:52:09.859000+00:00,dwll_0198190c-3296-7ed1-b926-47def3080646,https://app.deweydata.io/api/v1/downloads/0198190c-3296-7ed1-b926-47def3080646/link
39,39,1,https://app.deweydata.io/api/v1/downloads/0198190c-3296-7ed1-b926-47e25130c7c5/link,2020-07,data_01bca733-0205-6d70-0042-fa0702a16be6_904_3_0.csv.gz,.csv.gz,419433589,2025-05-28T15:49:04.600000+00:00,dwll_0198190c-3296-7ed1-b926-47e25130c7c5,https://app.deweydata.io/api/v1/downloads/0198190c-3296-7ed1-b926-47e25130c7c5/link
40,40,1,https://app.deweydata.io/api/v1/downloads/0198190c-3296-7ed1-b926-47f6c9641d85/link,2020-07,data_01bca733-0205-6d70-0042-fa0702a16be6_904_3_1.csv.gz,.csv.gz,334480402,2025-05-28T15:51:52.470000+00:00,dwll_0198190c-3296-7ed1-b926-47f6c9641d85,https://app.deweydata.io/api/v1/downloads/0198190c-3296-7ed1-b926-47f6c9641d85/link
41,41,1,https://app.deweydata.io/api/v1/downloads/0198190c-3296-7ed1-b926-480936cfe323/link,2020-08,data_01bca733-0205-6d70-0042-fa0702a16be6_1504_3_0.csv.gz,.csv.gz,419479454,2025-05-28T15:48:30.155000+00:00,dwll_0198190c-3296-7ed1-b926-480936cfe323,https://app.deweydata.io/api/v1/downloads/0198190c-3296-7ed1-b926-480936cfe323/link
42,42,1,https://app.deweydata.io/api/v1/downloads/0198190c-3296-7ed1-b926-481c27f912ac/link,2020-08,data_01bca733-0205-6d70-0042-fa0702a16be6_1504_3_1.csv.gz,.csv.gz,419469847,2025-05-28T15:50:33.588000+00:00,dwll_0198190c-3296-7ed1-b926-481c27f912ac,https://app.deweydata.io/api/v1/downloads/0198190c-3296-7ed1-b926-481c27f912ac/link
43,43,1,https://app.deweydata.io/api/v1/downloads/0198190c-3296-7ed1-b926-482f142a7ce9/link,2020-08,data_01bca733-0205-6d70-0042-fa0702a16be6_1504_3_2.csv.gz,.csv.gz,116266838,2025-05-28T15:51:52.469000+00:00,dwll_0198190c-3296-7ed1-b926-482f142a7ce9,https://app.deweydata.io/api/v1/downloads/0198190c-3296-7ed1-b926-482f142a7ce9/link
44,44,1,https://app.deweydata.io/api/v1/downloads/0198190c-3296-7ed1-b926-4832c9413ae7/link,2020-09,data_01bca733-0205-6d70-0042-fa0702a16be6_2704_6_0.csv.gz,.csv.gz,419470656,2025-05-28T15:49:11.259000+00:00,dwll_0198190c-3296-7ed1-b926-4832c9413ae7,https://app.deweydata.io/api/v1/downloads/0198190c-3296-7ed1-b926-4832c9413ae7/link
45,45,1,https://app.deweydata.io/api/v1/downloads/0198190c-3296-7ed1-b926-484ef4f4890d/link,2020-09,data_01bca733-0205-6d70-0042-fa0702a16be6_2704_6_1.csv.gz,.csv.gz,338307557,2025-05-28T15:51:52.475000+00:00,dwll_0198190c-3296-7ed1-b926-484ef4f4890d,https://app.deweydata.io/api/v1/downloads/0198190c-3296-7ed1-b926-484ef4f4890d/link
46,46,1,https://app.deweydata.io/api/v1/downloads/0198190c-3296-7ed1-b926-4856b94f82d1/link,2020-10,data_01bca733-0205-6d70-0042-fa0702a16be6_504_7_0.csv.gz,.csv.gz,419470984,2025-05-28T15:49:21.638000+00:00,dwll_0198190c-3296-7ed1-b926-4856b94f82d1,https://app.deweydata.io/api/v1/downloads/0198190c-3296-7ed1-b926-4856b94f82d1/link
47,47,1,https://app.deweydata.io/api/v1/downloads/0198190c-3296-7ed1-b926-4867e45115f6/link,2020-10,data_01bca733-0205-6d70-0042-fa0702a16be6_504_7_1.csv.gz,.csv.gz,335523179,2025-05-28T15:51:52.472000+00:00,dwll_0198190c-3296-7ed1-b926-4867e45115f6,https://app.deweydata.io/api/v1/downloads/0198190c-3296-7ed1-b926-4867e45115f6/link
48,48,1,https://app.deweydata.io/api/v1/downloads/0198190c-3296-7ed1-b926-487a9a38f118/link,2020-11,data_01bca733-0205-6d70-0042-fa0702a16be6_1204_2_0.csv.gz,.csv.gz,419449630,2025-05-28T15:49:00.528000+00:00,dwll_0198190c-3296-7ed1-b926-487a9a38f118,https://app.deweydata.io/api/v1/downloads/0198190c-3296-7ed1-b926-487a9a38f118/link
49,49,1,https://app.deweydata.io/api/v1/downloads/0198190c-3296-7ed1-b926-488e1d30b789/link,2020-11,data_01bca733-0205-6d70-0042-fa0702a16be6_1204_2_1.csv.gz,.csv.gz,419446775,2025-05-28T15:50:43.251000+00:00,dwll_0198190c-3296-7ed1-b926-488e1d30b789,https://app.deweydata.io/api/v1/downloads/0198190c-3296-7ed1-b926-488e1d30b789/link
50,50,2,https://app.deweydata.io/api/v1/downloads/0198190c-33fe-7293-9770-aae807f09233/link,2020-11,data_01bca733-0205-6d70-0042-fa0702a16be6_1204_2_2.csv.gz,.csv.gz,99143550,2025-05-28T15:51:52.473000+00:00,dwll_0198190c-33fe-7293-9770-aae807f09233,https://app.deweydata.io/api/v1/downloads/0198190c-33fe-7293-9770-aae807f09233/link
51,51,2,https://app.deweydata.io/api/v1/downloads/0198190c-33fe-7293-9770-aaf4b13a0064/link,2021-01,data_01bca733-0205-6d70-0042-fa0702a16be6_404_4_0.csv.gz,.csv.gz,419476647,2025-05-28T15:49:25.702000+00:00,dwll_0198190c-33fe-7293-9770-aaf4b13a0064,https://app.deweydata.io/api/v1/downloads/0198190c-33fe-7293-9770-aaf4b13a0064/link
52,52,2,https://app.deweydata.io/api/v1/downloads/0198190c-33fe-7293-9770-ab05cba3d0f2/link,2021-01,data_01bca733-0205-6d70-0042-fa0702a16be6_404_4_1.csv.gz,.csv.gz,419470977,2025-05-28T15:50:32.621000+00:00,dwll_0198190c-33fe-7293-9770-ab05cba3d0f2,https://app.deweydata.io/api/v1/downloads/0198190c-33fe-7293-9770-ab05cba3d0f2/link
53,53,2,https://app.deweydata.io/api/v1/downloads/0198190c-33fe-7293-9770-ab1e83df1d01/link,2021-01,data_01bca733-0205-6d70-0042-fa0702a16be6_404_4_2.csv.gz,.csv.gz,95987348,2025-05-28T15:52:09.817000+00:00,dwll_0198190c-33fe-7293-9770-ab1e83df1d01,https://app.deweydata.io/api/v1/downloads/0198190c-33fe-7293-9770-ab1e83df1d01/link
54,54,2,https://app.deweydata.io/api/v1/downloads/0198190c-33fe-7293-9770-ab28bf1ba40e/link,2021-02,data_01bca733-0205-6d70-0042-fa0702a16be6_1604_5_0.csv.gz,.csv.gz,419451936,2025-05-28T15:49:23.404000+00:00,dwll_0198190c-33fe-7293-9770-ab28bf1ba40e,https://app.deweydata.io/api/v1/downloads/0198190c-33fe-7293-9770-ab28bf1ba40e/link
55,55,2,https://app.deweydata.io/api/v1/downloads/0198190c-33fe-7293-9770-ab3ac5517681/link,2021-02,data_01bca733-0205-6d70-0042-fa0702a16be6_1604_5_1.csv.gz,.csv.gz,319583024,2025-05-28T15:51:52.470000+00:00,dwll_0198190c-33fe-7293-9770-ab3ac5517681,https://app.deweydata.io/api/v1/downloads/0198190c-33fe-7293-9770-ab3ac5517681/link
56,56,2,https://app.deweydata.io/api/v1/downloads/0198190c-33fe-7293-9770-ab40f322ec2c/link,2021-03,data_01bca733-0205-6d70-0042-fa0702a16be6_1904_4_0.csv.gz,.csv.gz,419440210,2025-05-28T15:48:57.080000+00:00,dwll_0198190c-33fe-7293-9770-ab40f322ec2c,https://app.deweydata.io/api/v1/downloads/0198190c-33fe-7293-9770-ab40f322ec2c/link
57,57,2,https://app.deweydata.io/api/v1/downloads/0198190c-33fe-7293-9770-ab58049e9c99/link,2021-03,data_01bca733-0205-6d70-0042-fa0702a16be6_1904_4_1.csv.gz,.csv.gz,357213442,2025-05-28T15:51:52.474000+00:00,dwll_0198190c-33fe-7293-9770-ab58049e9c99,https://app.deweydata.io/api/v1/downloads/0198190c-33fe-7293-9770-ab58049e9c99/link
58,58,2,https://app.deweydata.io/api/v1/downloads/0198190c-33fe-7293-9770-ab6a2dece4c6/link,2021-04,data_01bca733-0205-6d70-0042-fa0702a16be6_204_6_0.csv.gz,.csv.gz,419482321,2025-05-28T15:49:20.905000+00:00,dwll_0198190c-33fe-7293-9770-ab6a2dece4c6,https://app.deweydata.io/api/v1/downloads/0198190c-33fe-7293-9770-ab6a2dece4c6/link
59,59,2,https://app.deweydata.io/api/v1/downloads/0198190c-33fe-7293-9770-ab74993c5bd7/link,2021-04,data_01bca733-0205-6d70-0042-fa0702a16be6_204_6_1.csv.gz,.csv.gz,371251702,2025-05-28T15:52:09.917000+00:00,dwll_0198190c-33fe-7293-9770-ab74993c5bd7,https://app.deweydata.io/api/v1/downloads/0198190c-33fe-7293-9770-ab74993c5bd7/link
60,60,2,https://app.deweydata.io/api/v1/downloads/0198190c-33fe-7293-9770-ab8e5d7cec28/link,2021-05,data_01bca733-0205-6d70-0042-fa0702a16be6_1204_3_0.csv.gz,.csv.gz,419452171,2025-05-28T15:49:09.501000+00:00,dwll_0198190c-33fe-7293-9770-ab8e5d7cec28,https://app.deweydata.io/api/v1/downloads/0198190c-33fe-7293-9770-ab8e5d7cec28/link
61,61,2,https://app.deweydata.io/api/v1/downloads/0198190c-33fe-7293-9770-ab9a71121c40/link,2021-05,data_01bca733-0205-6d70-0042-fa0702a16be6_1204_3_1.csv.gz,.csv.gz,419434576,2025-05-28T15:50:29.673000+00:00,dwll_0198190c-33fe-7293-9770-ab9a71121c40,https://app.deweydata.io/api/v1/downloads/0198190c-33fe-7293-9770-ab9a71121c40/link
62,62,2,https://app.deweydata.io/api/v1/downloads/0198190c-33fe-7293-9770-aba5f7276bb2/link,2021-05,data_01bca733-0205-6d70-0042-fa0702a16be6_1204_3_2.csv.gz,.csv.gz,143447965,2025-05-28T15:51:52.469000+00:00,dwll_0198190c-33fe-7293-9770-aba5f7276bb2,https://app.deweydata.io/api/v1/downloads/0198190c-33fe-7293-9770-aba5f7276bb2/link
63,63,2,https://app.deweydata.io/api/v1/downloads/0198190c-33fe-7293-9770-abb578dfdee6/link,2021-06,data_01bca733-0205-6d70-0042-fa0702a16be6_204_1_0.csv.gz,.csv.gz,419480152,2025-05-28T15:49:22.606000+00:00,dwll_0198190c-33fe-7293-9770-abb578dfdee6,https://app.deweydata.io/api/v1/downloads/0198190c-33fe-7293-9770-abb578dfdee6/link
64,64,2,https://app.deweydata.io/api/v1/downloads/0198190c-33fe-7293-9770-abc3745d9ffe/link,2021-06,data_01bca733-0205-6d70-0042-fa0702a16be6_204_1_1.csv.gz,.csv.gz,375648661,2025-05-28T15:51:52.467000+00:00,dwll_0198190c-33fe-7293-9770-abc3745d9ffe,https://app.deweydata.io/api/v1/downloads/0198190c-33fe-7293-9770-abc3745d9ffe/link
65,65,2,https://app.deweydata.io/api/v1/downloads/0198190c-33fe-7293-9770-abd5bee80aad/link,2021-07,data_01bca733-0205-6d70-0042-fa0702a16be6_1704_5_0.csv.gz,.csv.gz,419447283,2025-05-28T15:49:36.846000+00:00,dwll_0198190c-33fe-7293-9770-abd5bee80aad,https://app.deweydata.io/api/v1/downloads/0198190c-33fe-7293-9770-abd5bee80aad/link
66,66,2,https://app.deweydata.io/api/v1/downloads/0198190c-33fe-7293-9770-abea2c3234ec/link,2021-07,data_01bca733-0205-6d70-0042-fa0702a16be6_1704_5_1.csv.gz,.csv.gz,371416482,2025-05-28T15:51:52.475000+00:00,dwll_0198190c-33fe-7293-9770-abea2c3234ec,https://app.deweydata.io/api/v1/downloads/0198190c-33fe-7293-9770-abea2c3234ec/link
67,67,2,https://app.deweydata.io/api/v1/downloads/0198190c-33fe-7293-9770-abff242c65ba/link,2021-08,data_01bca733-0205-6d70-0042-fa0702a16be6_2304_5_0.csv.gz,.csv.gz,419465029,2025-05-28T15:49:17.590000+00:00,dwll_0198190c-33fe-7293-9770-abff242c65ba,https://app.deweydata.io/api/v1/downloads/0198190c-33fe-7293-9770-abff242c65ba/link
68,68,2,https://app.deweydata.io/api/v1/downloads/0198190c-33fe-7293-9770-ac0f77c08f8d/link,2021-08,data_01bca733-0205-6d70-0042-fa0702a16be6_2304_5_1.csv.gz,.csv.gz,419471754,2025-05-28T15:50:36.907000+00:00,dwll_0198190c-33fe-7293-9770-ac0f77c08f8d,https://app.deweydata.io/api/v1/downloads/0198190c-33fe-7293-9770-ac0f77c08f8d/link
69,69,2,https://app.deweydata.io/api/v1/downloads/0198190c-33fe-7293-9770-ac1affc7de8e/link,2021-08,data_01bca733-0205-6d70-0042-fa0702a16be6_2304_5_2.csv.gz,.csv.gz,143423775,2025-05-28T15:51:52.472000+00:00,dwll_0198190c-33fe-7293-9770-ac1affc7de8e,https://app.deweydata.io/api/v1/downloads/0198190c-33fe-7293-9770-ac1affc7de8e/link
70,70,2,https://app.deweydata.io/api/v1/downloads/0198190c-33fe-7293-9770-ac2c992362ff/link,2021-09,data_01bca733-0205-6d70-0042-fa0702a16be6_3004_4_0.csv.gz,.csv.gz,419446238,2025-05-28T15:48:28.379000+00:00,dwll_0198190c-33fe-7293-9770-ac2c992362ff,https://app.deweydata.io/api/v1/downloads/0198190c-33fe-7293-9770-ac2c992362ff/link
71,71,2,https://app.deweydata.io/api/v1/downloads/0198190c-33fe-7293-9770-ac3f4e732362/link,2021-09,data_01bca733-0205-6d70-0042-fa0702a16be6_3004_4_1.csv.gz,.csv.gz,373028796,2025-05-28T15:51:52.470000+00:00,dwll_0198190c-33fe-7293-9770-ac3f4e732362,https://app.deweydata.io/api/v1/downloads/0198190c-33fe-7293-9770-ac3f4e732362/link
72,72,2,https://app.deweydata.io/api/v1/downloads/0198190c-33fe-7293-9770-ac4b5ae74236/link,2021-10,data_01bca733-0205-6d70-0042-fa0702a16be6_904_1_0.csv.gz,.csv.gz,419468820,2025-05-28T15:48:44.887000+00:00,dwll_0198190c-33fe-7293-9770-ac4b5ae74236,https://app.deweydata.io/api/v1/downloads/0198190c-33fe-7293-9770-ac4b5ae74236/link
73,73,2,https://app.deweydata.io/api/v1/downloads/0198190c-33fe-7293-9770-ac551bdd4044/link,2021-10,data_01bca733-0205-6d70-0042-fa0702a16be6_904_1_1.csv.gz,.csv.gz,419432135,2025-05-28T15:50:31.381000+00:00,dwll_0198190c-33fe-7293-9770-ac551bdd4044,https://app.deweydata.io/api/v1/downloads/0198190c-33fe-7293-9770-ac551bdd4044/link
74,74,2,https://app.deweydata.io/api/v1/downloads/0198190c-33fe-7293-9770-ac6988e9a4da/link,2021-10,data_01bca733-0205-6d70-0042-fa0702a16be6_904_1_2.csv.gz,.csv.gz,143557294,2025-05-28T15:51:52.477000+00:00,dwll_0198190c-33fe-7293-9770-ac6988e9a4da,https://app.deweydata.io/api/v1/downloads/0198190c-33fe-7293-9770-ac6988e9a4da/link
75,75,2,https://app.deweydata.io/api/v1/downloads/0198190c-33fe-7293-9770-ac7a2a76cc16/link,2021-11,data_01bca733-0205-6d70-0042-fa0702a16be6_1304_5_0.csv.gz,.csv.gz,419453782,2025-05-28T15:49:32.746000+00:00,dwll_0198190c-33fe-7293-9770-ac7a2a76cc16,https://app.deweydata.io/api/v1/downloads/0198190c-33fe-7293-9770-ac7a2a76cc16/link
76,76,2,https://app.deweydata.io/api/v1/downloads/0198190c-33fe-7293-9770-ac8be2f38cee/link,2021-11,data_01bca733-0205-6d70-0042-fa0702a16be6_1304_5_1.csv.gz,.csv.gz,364527389,2025-05-28T15:51:52.474000+00:00,dwll_0198190c-33fe-7293-9770-ac8be2f38cee,https://app.deweydata.io/api/v1/downloads/0198190c-33fe-7293-9770-ac8be2f38cee/link
77,77,2,https://app.deweydata.io/api/v1/downloads/0198190c-33fe-7293-9770-ac95fd5fbb72/link,2022-01,data_01bca733-0205-6d70-0042-fa0702a16be6_1004_1_0.csv.gz,.csv.gz,419448973,2025-05-28T15:49:06.172000+00:00,dwll_0198190c-33fe-7293-9770-ac95fd5fbb72,https://app.deweydata.io/api/v1/downloads/0198190c-33fe-7293-9770-ac95fd5fbb72/link
78,78,2,https://app.deweydata.io/api/v1/downloads/0198190c-33fe-7293-9770-acab28633d34/link,2022-01,data_01bca733-0205-6d70-0042-fa0702a16be6_1004_1_1.csv.gz,.csv.gz,419460440,2025-05-28T15:50:41.100000+00:00,dwll_0198190c-33fe-7293-9770-acab28633d34,https://app.deweydata.io/api/v1/downloads/0198190c-33fe-7293-9770-acab28633d34/link
79,79,2,https://app.deweydata.io/api/v1/downloads/0198190c-33fe-7293-9770-acb43fc092ce/link,2022-01,data_01bca733-0205-6d70-0042-fa0702a16be6_1004_1_2.csv.gz,.csv.gz,128975065,2025-05-28T15:51:56.986000+00:00,dwll_0198190c-33fe-7293-9770-acb43fc092ce,https://app.deweydata.io/api/v1/downloads/0198190c-33fe-7293-9770-acb43fc092ce/link
80,80,2,https://app.deweydata.io/api/v1/downloads/0198190c-33fe-7293-9770-accebabd962d/link,2022-02,data_01bca733-0205-6d70-0042-fa0702a16be6_1704_2_0.csv.gz,.csv.gz,419479404,2025-05-28T15:48:51.300000+00:00,dwll_0198190c-33fe-7293-9770-accebabd962d,https://app.deweydata.io/api/v1/downloads/0198190c-33fe-7293-9770-accebabd962d/link
81,81,2,https://app.deweydata.io/api/v1/downloads/0198190c-33fe-7293-9770-acd7eaab0a7c/link,2022-02,data_01bca733-0205-6d70-0042-fa0702a16be6_1704_2_1.csv.gz,.csv.gz,355659453,2025-05-28T15:52:03.821000+00:00,dwll_0198190c-33fe-7293-9770-acd7eaab0a7c,https://app.deweydata.io/api/v1/downloads/0198190c-33fe-7293-9770-acd7eaab0a7c/link
82,82,2,https://app.deweydata.io/api/v1/downloads/0198190c-33fe-7293-9770-acee321362c8/link,2022-03,data_01bca733-0205-6d70-0042-fa0702a16be6_3004_2_0.csv.gz,.csv.gz,419477903,2025-05-28T15:49:35.401000+00:00,dwll_0198190c-33fe-7293-9770-acee321362c8,https://app.deweydata.io/api/v1/downloads/0198190c-33fe-7293-9770-acee321362c8/link
83,83,2,https://app.deweydata.io/api/v1/downloads/0198190c-33fe-7293-9770-acf1498b9eac/link,2022-03,data_01bca733-0205-6d70-0042-fa0702a16be6_3004_2_1.csv.gz,.csv.gz,357961762,2025-05-28T15:51:52.474000+00:00,dwll_0198190c-33fe-7293-9770-acf1498b9eac,https://app.deweydata.io/api/v1/downloads/0198190c-33fe-7293-9770-acf1498b9eac/link
84,84,2,https://app.deweydata.io/api/v1/downloads/0198190c-33fe-7293-9770-ad033cd8ef09/link,2022-04,data_01bca733-0205-6d70-0042-fa0702a16be6_404_4_0.csv.gz,.csv.gz,419469851,2025-05-28T15:49:04.038000+00:00,dwll_0198190c-33fe-7293-9770-ad033cd8ef09,https://app.deweydata.io/api/v1/downloads/0198190c-33fe-7293-9770-ad033cd8ef09/link
85,85,2,https://app.deweydata.io/api/v1/downloads/0198190c-33fe-7293-9770-ad1bbe6204c9/link,2022-04,data_01bca733-0205-6d70-0042-fa0702a16be6_404_4_1.csv.gz,.csv.gz,379840514,2025-05-28T15:51:52.472000+00:00,dwll_0198190c-33fe-7293-9770-ad1bbe6204c9,https://app.deweydata.io/api/v1/downloads/0198190c-33fe-7293-9770-ad1bbe6204c9/link
86,86,2,https://app.deweydata.io/api/v1/downloads/0198190c-33fe-7293-9770-ad203576a716/link,2022-05,data_01bca733-0205-6d70-0042-fa0702a16be6_1304_1_0.csv.gz,.csv.gz,419442285,2025-05-28T15:49:13.968000+00:00,dwll_0198190c-33fe-7293-9770-ad203576a716,https://app.deweydata.io/api/v1/downloads/0198190c-33fe-7293-9770-ad203576a716/link
87,87,2,https://app.deweydata.io/api/v1/downloads/0198190c-33fe-7293-9770-ad3cf7c1fd3e/link,2022-05,data_01bca733-0205-6d70-0042-fa0702a16be6_1304_1_1.csv.gz,.csv.gz,419463889,2025-05-28T15:50:28.698000+00:00,dwll_0198190c-33fe-7293-9770-ad3cf7c1fd3e,https://app.deweydata.io/api/v1/downloads/0198190c-33fe-7293-9770-ad3cf7c1fd3e/link
88,88,2,https://app.deweydata.io/api/v1/downloads/0198190c-33fe-7293-9770-ad42a7515d4b/link,2022-05,data_01bca733-0205-6d70-0042-fa0702a16be6_1304_1_2.csv.gz,.csv.gz,149577776,2025-05-28T15:51:52.469000+00:00,dwll_0198190c-33fe-7293-9770-ad42a7515d4b,https://app.deweydata.io/api/v1/downloads/0198190c-33fe-7293-9770-ad42a7515d4b/link
89,89,2,https://app.deweydata.io/api/v1/downloads/0198190c-33fe-7293-9770-ad5c7fc05e74/link,2022-06,data_01bca733-0205-6d70-0042-fa0702a16be6_1104_1_0.csv.gz,.csv.gz,419441873,2025-05-28T15:48:56.128000+00:00,dwll_0198190c-33fe-7293-9770-ad5c7fc05e74,https://app.deweydata.io/api/v1/downloads/0198190c-33fe-7293-9770-ad5c7fc05e74/link
90,90,2,https://app.deweydata.io/api/v1/downloads/0198190c-33fe-7293-9770-ad6b88135823/link,2022-06,data_01bca733-0205-6d70-0042-fa0702a16be6_1104_1_1.csv.gz,.csv.gz,394209143,2025-05-28T15:51:52.470000+00:00,dwll_0198190c-33fe-7293-9770-ad6b88135823,https://app.deweydata.io/api/v1/downloads/0198190c-33fe-7293-9770-ad6b88135823/link
91,91,2,https://app.deweydata.io/api/v1/downloads/0198190c-33fe-7293-9770-ad716ff86ef5/link,2022-07,data_01bca733-0205-6d70-0042-fa0702a16be6_1504_5_0.csv.gz,.csv.gz,419483828,2025-05-28T15:49:17.124000+00:00,dwll_0198190c-33fe-7293-9770-ad716ff86ef5,https://app.deweydata.io/api/v1/downloads/0198190c-33fe-7293-9770-ad716ff86ef5/link
92,92,2,https://app.deweydata.io/api/v1/downloads/0198190c-33fe-7293-9770-ad8a22a310e0/link,2022-07,data_01bca733-0205-6d70-0042-fa0702a16be6_1504_5_1.csv.gz,.csv.gz,419481323,2025-05-28T15:50:34.337000+00:00,dwll_0198190c-33fe-7293-9770-ad8a22a310e0,https://app.deweydata.io/api/v1/downloads/0198190c-33fe-7293-9770-ad8a22a310e0/link
93,93,2,https://app.deweydata.io/api/v1/downloads/0198190c-33fe-7293-9770-ad9f99dab987/link,2022-07,data_01bca733-0205-6d70-0042-fa0702a16be6_1504_5_2.csv.gz,.csv.gz,145345604,2025-05-28T15:51:52.477000+00:00,dwll_0198190c-33fe-7293-9770-ad9f99dab987,https://app.deweydata.io/api/v1/downloads/0198190c-33fe-7293-9770-ad9f99dab987/link
94,94,2,https://app.deweydata.io/api/v1/downloads/0198190c-33fe-7293-9770-ada43d0e55d6/link,2022-08,data_01bca733-0205-6d70-0042-fa0702a16be6_1804_2_0.csv.gz,.csv.gz,419472693,2025-05-28T15:49:45.932000+00:00,dwll_0198190c-33fe-7293-9770-ada43d0e55d6,https://app.deweydata.io/api/v1/downloads/0198190c-33fe-7293-9770-ada43d0e55d6/link
95,95,2,https://app.deweydata.io/api/v1/downloads/0198190c-33fe-7293-9770-adb131e2aafa/link,2022-08,data_01bca733-0205-6d70-0042-fa0702a16be6_1804_2_1.csv.gz,.csv.gz,402781121,2025-05-28T15:52:17.472000+00:00,dwll_0198190c-33fe-7293-9770-adb131e2aafa,https://app.deweydata.io/api/v1/downloads/0198190c-33fe-7293-9770-adb131e2aafa/link
96,96,2,https://app.deweydata.io/api/v1/downloads/0198190c-33fe-7293-9770-adc5b2d8f1b5/link,2022-09,data_01bca733-0205-6d70-0042-fa0702a16be6_2604_5_0.csv.gz,.csv.gz,419455066,2025-05-28T15:49:25.261000+00:00,dwll_0198190c-33fe-7293-9770-adc5b2d8f1b5,https://app.deweydata.io/api/v1/downloads/0198190c-33fe-7293-9770-adc5b2d8f1b5/link
97,97,2,https://app.deweydata.io/api/v1/downloads/0198190c-33fe-7293-9770-addec54d329f/link,2022-09,data_01bca733-0205-6d70-0042-fa0702a16be6_2604_5_1.csv.gz,.csv.gz,361968100,2025-05-28T15:51:52.471000+00:00,dwll_0198190c-33fe-7293-9770-addec54d329f,https://app.deweydata.io/api/v1/downloads/0198190c-33fe-7293-9770-addec54d329f/link
98,98,2,https://app.deweydata.io/api/v1/downloads/0198190c-33fe-7293-9770-adec20775aa5/link,2022-10,data_01bca733-0205-6d70-0042-fa0702a16be6_2304_2_0.csv.gz,.csv.gz,419434361,2025-05-28T15:49:08.184000+00:00,dwll_0198190c-33fe-7293-9770-adec20775aa5,https://app.deweydata.io/api/v1/downloads/0198190c-33fe-7293-9770-adec20775aa5/link
99,99,2,https://app.deweydata.io/api/v1/downloads/0198190c-33fe-7293-9770-adf03d9c1aa2/link,2022-10,data_01bca733-0205-6d70-0042-fa0702a16be6_2304_2_1.csv.gz,.csv.gz,419477397,2025-05-28T15:50:32.115000+00:00,dwll_0198190c-33fe-7293-9770-adf03d9c1aa2,https://app.deweydata.io/api/v1/downloads/0198190c-33fe-7293-9770-adf03d9c1aa2/link
100,100,3,https://app.deweydata.io/api/v1/downloads/0198190c-357d-7a83-b565-fdfd24c44634/link,2022-10,data_01bca733-0205-6d70-0042-fa0702a16be6_2304_2_2.csv.gz,.csv.gz,136877393,2025-05-28T15:51:52.467000+00:00,dwll_0198190c-357d-7a83-b565-fdfd24c44634,https://app.deweydata.io/api/v1/downloads/0198190c-357d-7a83-b565-fdfd24c44634/link
101,101,3,https://app.deweydata.io/api/v1/downloads/0198190c-357d-7a83-b565-fe035a607597/link,2022-11,data_01bca733-0205-6d70-0042-fa0702a16be6_1304_0_0.csv.gz,.csv.gz,419454964,2025-05-28T15:49:06.818000+00:00,dwll_0198190c-357d-7a83-b565-fe035a607597,https://app.deweydata.io/api/v1/downloads/0198190c-357d-7a83-b565-fe035a607597/link
102,102,3,https://app.deweydata.io/api/v1/downloads/0198190c-357d-7a83-b565-fe1469aafc12/link,2022-11,data_01bca733-0205-6d70-0042-fa0702a16be6_1304_0_1.csv.gz,.csv.gz,356657752,2025-05-28T15:51:52.475000+00:00,dwll_0198190c-357d-7a83-b565-fe1469aafc12,https://app.deweydata.io/api/v1/downloads/0198190c-357d-7a83-b565-fe1469aafc12/link
103,103,3,https://app.deweydata.io/api/v1/downloads/0198190c-357d-7a83-b565-fe2c2a220422/link,2023-01,data_01bca733-0205-6d70-0042-fa0702a16be6_604_7_0.csv.gz,.csv.gz,419472537,2025-05-28T15:49:08.010000+00:00,dwll_0198190c-357d-7a83-b565-fe2c2a220422,https://app.deweydata.io/api/v1/downloads/0198190c-357d-7a83-b565-fe2c2a220422/link
104,104,3,https://app.deweydata.io/api/v1/downloads/0198190c-357d-7a83-b565-fe3402fe7a97/link,2023-01,data_01bca733-0205-6d70-0042-fa0702a16be6_604_7_1.csv.gz,.csv.gz,419453745,2025-05-28T15:50:26.675000+00:00,dwll_0198190c-357d-7a83-b565-fe3402fe7a97,https://app.deweydata.io/api/v1/downloads/0198190c-357d-7a83-b565-fe3402fe7a97/link
105,105,3,https://app.deweydata.io/api/v1/downloads/0198190c-357d-7a83-b565-fe4ba35bca31/link,2023-01,data_01bca733-0205-6d70-0042-fa0702a16be6_604_7_2.csv.gz,.csv.gz,118770349,2025-05-28T15:51:52.477000+00:00,dwll_0198190c-357d-7a83-b565-fe4ba35bca31,https://app.deweydata.io/api/v1/downloads/0198190c-357d-7a83-b565-fe4ba35bca31/link
106,106,3,https://app.deweydata.io/api/v1/downloads/0198190c-357d-7a83-b565-fe513dfe7f3b/link,2023-02,data_01bca733-0205-6d70-0042-fa0702a16be6_1204_1_0.csv.gz,.csv.gz,419461341,2025-05-28T15:49:06.158000+00:00,dwll_0198190c-357d-7a83-b565-fe513dfe7f3b,https://app.deweydata.io/api/v1/downloads/0198190c-357d-7a83-b565-fe513dfe7f3b/link
107,107,3,https://app.deweydata.io/api/v1/downloads/0198190c-357d-7a83-b565-fe615be55e28/link,2023-02,data_01bca733-0205-6d70-0042-fa0702a16be6_1204_1_1.csv.gz,.csv.gz,355411372,2025-05-28T15:51:52.466000+00:00,dwll_0198190c-357d-7a83-b565-fe615be55e28,https://app.deweydata.io/api/v1/downloads/0198190c-357d-7a83-b565-fe615be55e28/link
108,108,3,https://app.deweydata.io/api/v1/downloads/0198190c-357d-7a83-b565-fe72d23d047c/link,2023-03,data_01bca733-0205-6d70-0042-fa0702a16be6_604_3_0.csv.gz,.csv.gz,419442363,2025-05-28T15:49:27.576000+00:00,dwll_0198190c-357d-7a83-b565-fe72d23d047c,https://app.deweydata.io/api/v1/downloads/0198190c-357d-7a83-b565-fe72d23d047c/link
109,109,3,https://app.deweydata.io/api/v1/downloads/0198190c-357d-7a83-b565-fe8effd8472e/link,2023-03,data_01bca733-0205-6d70-0042-fa0702a16be6_604_3_1.csv.gz,.csv.gz,358680225,2025-05-28T15:52:03.570000+00:00,dwll_0198190c-357d-7a83-b565-fe8effd8472e,https://app.deweydata.io/api/v1/downloads/0198190c-357d-7a83-b565-fe8effd8472e/link
110,110,3,https://app.deweydata.io/api/v1/downloads/0198190c-357d-7a83-b565-fe987526b399/link,2023-04,data_01bca733-0205-6d70-0042-fa0702a16be6_2904_2_0.csv.gz,.csv.gz,419473607,2025-05-28T15:48:57.974000+00:00,dwll_0198190c-357d-7a83-b565-fe987526b399,https://app.deweydata.io/api/v1/downloads/0198190c-357d-7a83-b565-fe987526b399/link
111,111,3,https://app.deweydata.io/api/v1/downloads/0198190c-357d-7a83-b565-fea879a34e70/link,2023-04,data_01bca733-0205-6d70-0042-fa0702a16be6_2904_2_1.csv.gz,.csv.gz,419480296,2025-05-28T15:50:31.913000+00:00,dwll_0198190c-357d-7a83-b565-fea879a34e70,https://app.deweydata.io/api/v1/downloads/0198190c-357d-7a83-b565-fea879a34e70/link
112,112,3,https://app.deweydata.io/api/v1/downloads/0198190c-357d-7a83-b565-febce139a36b/link,2023-04,data_01bca733-0205-6d70-0042-fa0702a16be6_2904_2_2.csv.gz,.csv.gz,140609863,2025-05-28T15:51:52.470000+00:00,dwll_0198190c-357d-7a83-b565-febce139a36b,https://app.deweydata.io/api/v1/downloads/0198190c-357d-7a83-b565-febce139a36b/link
113,113,3,https://app.deweydata.io/api/v1/downloads/0198190c-357d-7a83-b565-fec30aeffdde/link,2023-05,data_01bca733-0205-6d70-0042-fa0702a16be6_1504_2_0.csv.gz,.csv.gz,419438315,2025-05-28T15:49:41.595000+00:00,dwll_0198190c-357d-7a83-b565-fec30aeffdde,https://app.deweydata.io/api/v1/downloads/0198190c-357d-7a83-b565-fec30aeffdde/link
114,114,3,https://app.deweydata.io/api/v1/downloads/0198190c-357d-7a83-b565-fed2773bf5a5/link,2023-05,data_01bca733-0205-6d70-0042-fa0702a16be6_1504_2_1.csv.gz,.csv.gz,385695400,2025-05-28T15:51:52.475000+00:00,dwll_0198190c-357d-7a83-b565-fed2773bf5a5,https://app.deweydata.io/api/v1/downloads/0198190c-357d-7a83-b565-fed2773bf5a5/link
115,115,3,https://app.deweydata.io/api/v1/downloads/0198190c-357d-7a83-b565-feeb26f5196d/link,2023-06,data_01bca733-0205-6d70-0042-fa0702a16be6_2504_3_0.csv.gz,.csv.gz,419468337,2025-05-28T15:49:12.410000+00:00,dwll_0198190c-357d-7a83-b565-feeb26f5196d,https://app.deweydata.io/api/v1/downloads/0198190c-357d-7a83-b565-feeb26f5196d/link
116,116,3,https://app.deweydata.io/api/v1/downloads/0198190c-357d-7a83-b565-feffc2c91cbe/link,2023-06,data_01bca733-0205-6d70-0042-fa0702a16be6_2504_3_1.csv.gz,.csv.gz,370348613,2025-05-28T15:52:03.289000+00:00,dwll_0198190c-357d-7a83-b565-feffc2c91cbe,https://app.deweydata.io/api/v1/downloads/0198190c-357d-7a83-b565-feffc2c91cbe/link
117,117,3,https://app.deweydata.io/api/v1/downloads/0198190c-357d-7a83-b565-ff0911e07409/link,2023-07,data_01bca733-0205-6d70-0042-fa0702a16be6_2004_7_0.csv.gz,.csv.gz,419478859,2025-05-28T15:49:17.780000+00:00,dwll_0198190c-357d-7a83-b565-ff0911e07409,https://app.deweydata.io/api/v1/downloads/0198190c-357d-7a83-b565-ff0911e07409/link
118,118,3,https://app.deweydata.io/api/v1/downloads/0198190c-357d-7a83-b565-ff1b53469d00/link,2023-07,data_01bca733-0205-6d70-0042-fa0702a16be6_2004_7_1.csv.gz,.csv.gz,419437610,2025-05-28T15:50:35.134000+00:00,dwll_0198190c-357d-7a83-b565-ff1b53469d00,https://app.deweydata.io/api/v1/downloads/0198190c-357d-7a83-b565-ff1b53469d00/link
119,119,3,https://app.deweydata.io/api/v1/downloads/0198190c-357d-7a83-b565-ff2e143ff402/link,2023-07,data_01bca733-0205-6d70-0042-fa0702a16be6_2004_7_2.csv.gz,.csv.gz,152714402,2025-05-28T15:51:52.474000+00:00,dwll_0198190c-357d-7a83-b565-ff2e143ff402,https://app.deweydata.io/api/v1/downloads/0198190c-357d-7a83-b565-ff2e143ff402/link
120,120,3,https://app.deweydata.io/api/v1/downloads/0198190c-357d-7a83-b565-ff39aa9f9519/link,2023-08,data_01bca733-0205-6d70-0042-fa0702a16be6_304_1_0.csv.gz,.csv.gz,419438164,2025-05-28T15:49:19.610000+00:00,dwll_0198190c-357d-7a83-b565-ff39aa9f9519,https://app.deweydata.io/api/v1/downloads/0198190c-357d-7a83-b565-ff39aa9f9519/link
121,121,3,https://app.deweydata.io/api/v1/downloads/0198190c-357d-7a83-b565-ff41c51bf734/link,2023-08,data_01bca733-0205-6d70-0042-fa0702a16be6_304_1_1.csv.gz,.csv.gz,367576431,2025-05-28T15:51:52.473000+00:00,dwll_0198190c-357d-7a83-b565-ff41c51bf734,https://app.deweydata.io/api/v1/downloads/0198190c-357d-7a83-b565-ff41c51bf734/link
122,122,3,https://app.deweydata.io/api/v1/downloads/0198190c-357d-7a83-b565-ff5bd8f8d167/link,2023-09,data_01bca733-0205-6d70-0042-fa0702a16be6_504_6_0.csv.gz,.csv.gz,419453166,2025-05-28T15:48:40.687000+00:00,dwll_0198190c-357d-7a83-b565-ff5bd8f8d167,https://app.deweydata.io/api/v1/downloads/0198190c-357d-7a83-b565-ff5bd8f8d167/link
123,123,3,https://app.deweydata.io/api/v1/downloads/0198190c-357d-7a83-b565-ff6d517cbcba/link,2023-09,data_01bca733-0205-6d70-0042-fa0702a16be6_504_6_1.csv.gz,.csv.gz,383309601,2025-05-28T15:51:56.023000+00:00,dwll_0198190c-357d-7a83-b565-ff6d517cbcba,https://app.deweydata.io/api/v1/downloads/0198190c-357d-7a83-b565-ff6d517cbcba/link
124,124,3,https://app.deweydata.io/api/v1/downloads/0198190c-357d-7a83-b565-ff7c59b4711f/link,2023-10,data_01bca733-0205-6d70-0042-fa0702a16be6_2104_3_0.csv.gz,.csv.gz,419446353,2025-05-28T15:49:06.177000+00:00,dwll_0198190c-357d-7a83-b565-ff7c59b4711f,https://app.deweydata.io/api/v1/downloads/0198190c-357d-7a83-b565-ff7c59b4711f/link
125,125,3,https://app.deweydata.io/api/v1/downloads/0198190c-357d-7a83-b565-ff80eb321d4e/link,2023-10,data_01bca733-0205-6d70-0042-fa0702a16be6_2104_3_1.csv.gz,.csv.gz,419475818,2025-05-28T15:50:21.988000+00:00,dwll_0198190c-357d-7a83-b565-ff80eb321d4e,https://app.deweydata.io/api/v1/downloads/0198190c-357d-7a83-b565-ff80eb321d4e/link
126,126,3,https://app.deweydata.io/api/v1/downloads/0198190c-357d-7a83-b565-ff9d2510fc08/link,2023-10,data_01bca733-0205-6d70-0042-fa0702a16be6_2104_3_2.csv.gz,.csv.gz,135889579,2025-05-28T15:51:52.471000+00:00,dwll_0198190c-357d-7a83-b565-ff9d2510fc08,https://app.deweydata.io/api/v1/downloads/0198190c-357d-7a83-b565-ff9d2510fc08/link
127,127,3,https://app.deweydata.io/api/v1/downloads/0198190c-357d-7a83-b565-ffa677682127/link,2023-11,data_01bca733-0205-6d70-0042-fa0702a16be6_2504_7_0.csv.gz,.csv.gz,419438089,2025-05-28T15:49:31.343000+00:00,dwll_0198190c-357d-7a83-b565-ffa677682127,https://app.deweydata.io/api/v1/downloads/0198190c-357d-7a83-b565-ffa677682127/link
128,128,3,https://app.deweydata.io/api/v1/downloads/0198190c-357d-7a83-b565-ffbd0f1423a5/link,2023-11,data_01bca733-0205-6d70-0042-fa0702a16be6_2504_7_1.csv.gz,.csv.gz,352907704,2025-05-28T15:51:52.477000+00:00,dwll_0198190c-357d-7a83-b565-ffbd0f1423a5,https://app.deweydata.io/api/v1/downloads/0198190c-357d-7a83-b565-ffbd0f1423a5/link
129,129,3,https://app.deweydata.io/api/v1/downloads/0198190c-357d-7a83-b565-ffcb04f44504/link,2024-01,data_01bca733-0205-6d70-0042-fa0702a16be6_504_0_0.csv.gz,.csv.gz,419443756,2025-05-28T15:49:09.142000+00:00,dwll_0198190c-357d-7a83-b565-ffcb04f44504,https://app.deweydata.io/api/v1/downloads/0198190c-357d-7a83-b565-ffcb04f44504/link
130,130,3,https://app.deweydata.io/api/v1/downloads/0198190c-357d-7a83-b565-ffd4eb9f7b03/link,2024-01,data_01bca733-0205-6d70-0042-fa0702a16be6_504_0_1.csv.gz,.csv.gz,345177319,2025-05-28T15:51:52.473000+00:00,dwll_0198190c-357d-7a83-b565-ffd4eb9f7b03,https://app.deweydata.io/api/v1/downloads/0198190c-357d-7a83-b565-ffd4eb9f7b03/link
131,131,3,https://app.deweydata.io/api/v1/downloads/0198190c-357d-7a83-b565-ffe6f90c75d7/link,2024-02,data_01bca733-0205-6d70-0042-fa0702a16be6_1104_1_0.csv.gz,.csv.gz,419464928,2025-05-28T15:49:09.705000+00:00,dwll_0198190c-357d-7a83-b565-ffe6f90c75d7,https://app.deweydata.io/api/v1/downloads/0198190c-357d-7a83-b565-ffe6f90c75d7/link
132,132,3,https://app.deweydata.io/api/v1/downloads/0198190c-357d-7a83-b565-ffff51fbbee3/link,2024-02,data_01bca733-0205-6d70-0042-fa0702a16be6_1104_1_1.csv.gz,.csv.gz,371253093,2025-05-28T15:52:06.242000+00:00,dwll_0198190c-357d-7a83-b565-ffff51fbbee3,https://app.deweydata.io/api/v1/downloads/0198190c-357d-7a83-b565-ffff51fbbee3/link
133,133,3,https://app.deweydata.io/api/v1/downloads/0198190c-357d-7a83-b566-0008e8aecefa/link,2024-03,data_01bca733-0205-6d70-0042-fa0702a16be6_2104_1_0.csv.gz,.csv.gz,419446171,2025-05-28T15:48:45.896000+00:00,dwll_0198190c-357d-7a83-b566-0008e8aecefa,https://app.deweydata.io/api/v1/downloads/0198190c-357d-7a83-b566-0008e8aecefa/link
134,134,3,https://app.deweydata.io/api/v1/downloads/0198190c-357d-7a83-b566-0011ac54abba/link,2024-03,data_01bca733-0205-6d70-0042-fa0702a16be6_2104_1_1.csv.gz,.csv.gz,419479396,2025-05-28T15:50:40.181000+00:00,dwll_0198190c-357d-7a83-b566-0011ac54abba,https://app.deweydata.io/api/v1/downloads/0198190c-357d-7a83-b566-0011ac54abba/link
135,135,3,https://app.deweydata.io/api/v1/downloads/0198190c-357d-7a83-b566-002c876c284f/link,2024-03,data_01bca733-0205-6d70-0042-fa0702a16be6_2104_1_2.csv.gz,.csv.gz,135165903,2025-05-28T15:51:52.472000+00:00,dwll_0198190c-357d-7a83-b566-002c876c284f,https://app.deweydata.io/api/v1/downloads/0198190c-357d-7a83-b566-002c876c284f/link
136,136,3,https://app.deweydata.io/api/v1/downloads/0198190c-357d-7a83-b566-0030c3bcac18/link,2024-04,data_01bca733-0205-6d70-0042-fa0702a16be6_2604_1_0.csv.gz,.csv.gz,419456789,2025-05-28T15:48:43.004000+00:00,dwll_0198190c-357d-7a83-b566-0030c3bcac18,https://app.deweydata.io/api/v1/downloads/0198190c-357d-7a83-b566-0030c3bcac18/link
137,137,3,https://app.deweydata.io/api/v1/downloads/0198190c-357d-7a83-b566-004e50e4151c/link,2024-04,data_01bca733-0205-6d70-0042-fa0702a16be6_2604_1_1.csv.gz,.csv.gz,370619972,2025-05-28T15:51:52.472000+00:00,dwll_0198190c-357d-7a83-b566-004e50e4151c,https://app.deweydata.io/api/v1/downloads/0198190c-357d-7a83-b566-004e50e4151c/link
138,138,3,https://app.deweydata.io/api/v1/downloads/0198190c-357d-7a83-b566-005d85faabaf/link,2024-05,data_01bca733-0205-6d70-0042-fa0702a16be6_1004_5_0.csv.gz,.csv.gz,419457389,2025-05-28T15:49:12.792000+00:00,dwll_0198190c-357d-7a83-b566-005d85faabaf,https://app.deweydata.io/api/v1/downloads/0198190c-357d-7a83-b566-005d85faabaf/link
139,139,3,https://app.deweydata.io/api/v1/downloads/0198190c-357d-7a83-b566-00692f70f72a/link,2024-05,data_01bca733-0205-6d70-0042-fa0702a16be6_1004_5_1.csv.gz,.csv.gz,373795502,2025-05-28T15:51:52.468000+00:00,dwll_0198190c-357d-7a83-b566-00692f70f72a,https://app.deweydata.io/api/v1/downloads/0198190c-357d-7a83-b566-00692f70f72a/link
140,140,3,https://app.deweydata.io/api/v1/downloads/0198190c-357d-7a83-b566-0070d8ac627b/link,2024-06,data_01bca733-0205-6d70-0042-fa0702a16be6_1504_2_0.csv.gz,.csv.gz,419474331,2025-05-28T15:48:55.510000+00:00,dwll_0198190c-357d-7a83-b566-0070d8ac627b,https://app.deweydata.io/api/v1/downloads/0198190c-357d-7a83-b566-0070d8ac627b/link
141,141,3,https://app.deweydata.io/api/v1/downloads/0198190c-357d-7a83-b566-008dfc1759e1/link,2024-06,data_01bca733-0205-6d70-0042-fa0702a16be6_1504_2_1.csv.gz,.csv.gz,419470583,2025-05-28T15:50:33.790000+00:00,dwll_0198190c-357d-7a83-b566-008dfc1759e1,https://app.deweydata.io/api/v1/downloads/0198190c-357d-7a83-b566-008dfc1759e1/link
142,142,3,https://app.deweydata.io/api/v1/downloads/0198190c-357d-7a83-b566-00973198f505/link,2024-06,data_01bca733-0205-6d70-0042-fa0702a16be6_1504_2_2.csv.gz,.csv.gz,171884896,2025-05-28T15:52:02.634000+00:00,dwll_0198190c-357d-7a83-b566-00973198f505,https://app.deweydata.io/api/v1/downloads/0198190c-357d-7a83-b566-00973198f505/link
143,143,3,https://app.deweydata.io/api/v1/downloads/0198190c-357d-7a83-b566-00afe8d06107/link,2024-07,data_01bca733-0205-6d70-0042-fa0702a16be6_3004_0_0.csv.gz,.csv.gz,419453956,2025-05-28T15:49:33.001000+00:00,dwll_0198190c-357d-7a83-b566-00afe8d06107,https://app.deweydata.io/api/v1/downloads/0198190c-357d-7a83-b566-00afe8d06107/link
144,144,3,https://app.deweydata.io/api/v1/downloads/0198190c-357d-7a83-b566-00b8189db10b/link,2024-07,data_01bca733-0205-6d70-0042-fa0702a16be6_3004_0_1.csv.gz,.csv.gz,367423877,2025-05-28T15:51:52.474000+00:00,dwll_0198190c-357d-7a83-b566-00b8189db10b,https://app.deweydata.io/api/v1/downloads/0198190c-357d-7a83-b566-00b8189db10b/link
145,145,3,https://app.deweydata.io/api/v1/downloads/0198190c-357d-7a83-b566-00c8b6418515/link,2024-08,data_01bca733-0205-6d70-0042-fa0702a16be6_204_6_0.csv.gz,.csv.gz,419469146,2025-05-28T15:49:09.078000+00:00,dwll_0198190c-357d-7a83-b566-00c8b6418515,https://app.deweydata.io/api/v1/downloads/0198190c-357d-7a83-b566-00c8b6418515/link
146,146,3,https://app.deweydata.io/api/v1/downloads/0198190c-357d-7a83-b566-00d556e405da/link,2024-08,data_01bca733-0205-6d70-0042-fa0702a16be6_204_6_1.csv.gz,.csv.gz,385878504,2025-05-28T15:51:52.483000+00:00,dwll_0198190c-357d-7a83-b566-00d556e405da,https://app.deweydata.io/api/v1/downloads/0198190c-357d-7a83-b566-00d556e405da/link
147,147,3,https://app.deweydata.io/api/v1/downloads/0198190c-357d-7a83-b566-00ecc2985743/link,2024-09,data_01bca733-0205-6d70-0042-fa0702a16be6_204_4_0.csv.gz,.csv.gz,419452515,2025-05-28T15:49:06.967000+00:00,dwll_0198190c-357d-7a83-b566-00ecc2985743,https://app.deweydata.io/api/v1/downloads/0198190c-357d-7a83-b566-00ecc2985743/link
148,148,3,https://app.deweydata.io/api/v1/downloads/0198190c-357d-7a83-b566-00f670276b31/link,2024-09,data_01bca733-0205-6d70-0042-fa0702a16be6_204_4_1.csv.gz,.csv.gz,419447157,2025-05-28T15:50:18.223000+00:00,dwll_0198190c-357d-7a83-b566-00f670276b31,https://app.deweydata.io/api/v1/downloads/0198190c-357d-7a83-b566-00f670276b31/link
149,149,3,https://app.deweydata.io/api/v1/downloads/0198190c-357d-7a83-b566-01035ea22bc8/link,2024-09,data_01bca733-0205-6d70-0042-fa0702a16be6_204_4_2.csv.gz,.csv.gz,135901160,2025-05-28T15:51:52.469000+00:00,dwll_0198190c-357d-7a83-b566-01035ea22bc8,https://app.deweydata.io/api/v1/downloads/0198190c-357d-7a83-b566-01035ea22bc8/link
150,150,4,https://app.deweydata.io/api/v1/downloads/0198190c-3757-76e1-98ee-57e199d28073/link,2024-10,data_01bca733-0205-6d70-0042-fa0702a16be6_704_5_0.csv.gz,.csv.gz,419470137,2025-05-28T15:49:29.544000+00:00,dwll_0198190c-3757-76e1-98ee-57e199d28073,https://app.deweydata.io/api/v1/downloads/0198190c-3757-76e1-98ee-57e199d28073/link
151,151,4,https://app.deweydata.io/api/v1/downloads/0198190c-3757-76e1-98ee-57f243d97d68/link,2024-10,data_01bca733-0205-6d70-0042-fa0702a16be6_704_5_1.csv.gz,.csv.gz,362173854,2025-05-28T15:51:52.476000+00:00,dwll_0198190c-3757-76e1-98ee-57f243d97d68,https://app.deweydata.io/api/v1/downloads/0198190c-3757-76e1-98ee-57f243d97d68/link
152,152,4,https://app.deweydata.io/api/v1/downloads/0198190c-3757-76e1-98ee-580652f31b55/link,2024-11,data_01bca733-0205-6d70-0042-fa0702a16be6_1804_2_0.csv.gz,.csv.gz,419450353,2025-05-28T15:49:42.403000+00:00,dwll_0198190c-3757-76e1-98ee-580652f31b55,https://app.deweydata.io/api/v1/downloads/0198190c-3757-76e1-98ee-580652f31b55/link
153,153,4,https://app.deweydata.io/api/v1/downloads/0198190c-3757-76e1-98ee-581c32e25e4e/link,2024-11,data_01bca733-0205-6d70-0042-fa0702a16be6_1804_2_1.csv.gz,.csv.gz,395469894,2025-05-28T15:51:52.467000+00:00,dwll_0198190c-3757-76e1-98ee-581c32e25e4e,https://app.deweydata.io/api/v1/downloads/0198190c-3757-76e1-98ee-581c32e25e4e/link
