index,page,link,partition_key,file_name,file_extension,file_size_bytes,modified_at,external_id,download_link
0,1,https://app.deweydata.io/api/v1/downloads/0197d266-5b2a-7cb3-a382-53750de9e49f/link,,brand-and-geography-cohort-breakout_0_0_0.csv.gz,.csv.gz,52438488,2025-05-06T19:06:10.497000+00:00,dwll_0197d266-5b2a-7cb3-a382-53750de9e49f,https://app.deweydata.io/api/v1/downloads/0197d266-5b2a-7cb3-a382-53750de9e49f/link
1,1,https://app.deweydata.io/api/v1/downloads/0197d266-5b2a-7cb3-a382-5385b48bc08f/link,,brand-and-geography-cohort-breakout_0_0_1.csv.gz,.csv.gz,52444831,2025-05-06T19:07:04.122000+00:00,dwll_0197d266-5b2a-7cb3-a382-5385b48bc08f,https://app.deweydata.io/api/v1/downloads/0197d266-5b2a-7cb3-a382-5385b48bc08f/link
2,1,https://app.deweydata.io/api/v1/downloads/0197d266-5b2a-7cb3-a382-5395a7b43d04/link,,brand-and-geography-cohort-breakout_0_0_2.csv.gz,.csv.gz,19040007,2025-05-06T19:07:21.124000+00:00,dwll_0197d266-5b2a-7cb3-a382-5395a7b43d04,https://app.deweydata.io/api/v1/downloads/0197d266-5b2a-7cb3-a382-5395a7b43d04/link
3,1,https://app.deweydata.io/api/v1/downloads/0197d266-5b2a-7cb3-a382-53ad075d123d/link,,brand-and-geography-cohort-breakout_0_1_0.csv.gz,.csv.gz,52458099,2025-05-06T19:06:07.470000+00:00,dwll_0197d266-5b2a-7cb3-a382-53ad075d123d,https://app.deweydata.io/api/v1/downloads/0197d266-5b2a-7cb3-a382-53ad075d123d/link
4,1,https://app.deweydata.io/api/v1/downloads/0197d266-5b2a-7cb3-a382-53b3468f46c4/link,,brand-and-geography-cohort-breakout_0_1_1.csv.gz,.csv.gz,52454606,2025-05-06T19:07:00.049000+00:00,dwll_0197d266-5b2a-7cb3-a382-53b3468f46c4,https://app.deweydata.io/api/v1/downloads/0197d266-5b2a-7cb3-a382-53b3468f46c4/link
5,1,https://app.deweydata.io/api/v1/downloads/0197d266-5b2a-7cb3-a382-53c138a9cba7/link,,brand-and-geography-cohort-breakout_0_1_2.csv.gz,.csv.gz,25033175,2025-05-06T19:07:21.038000+00:00,dwll_0197d266-5b2a-7cb3-a382-53c138a9cba7,https://app.deweydata.io/api/v1/downloads/0197d266-5b2a-7cb3-a382-53c138a9cba7/link
6,1,https://app.deweydata.io/api/v1/downloads/0197d266-5b2a-7cb3-a382-53dc9a1ad021/link,,brand-and-geography-cohort-breakout_0_2_0.csv.gz,.csv.gz,52452253,2025-05-06T19:06:14.811000+00:00,dwll_0197d266-5b2a-7cb3-a382-53dc9a1ad021,https://app.deweydata.io/api/v1/downloads/0197d266-5b2a-7cb3-a382-53dc9a1ad021/link
7,1,https://app.deweydata.io/api/v1/downloads/0197d266-5b2a-7cb3-a382-53e38a44c125/link,,brand-and-geography-cohort-breakout_0_2_1.csv.gz,.csv.gz,52450129,2025-05-06T19:07:02.969000+00:00,dwll_0197d266-5b2a-7cb3-a382-53e38a44c125,https://app.deweydata.io/api/v1/downloads/0197d266-5b2a-7cb3-a382-53e38a44c125/link
8,1,https://app.deweydata.io/api/v1/downloads/0197d266-5b2a-7cb3-a382-53f93a2b17a1/link,,brand-and-geography-cohort-breakout_0_2_2.csv.gz,.csv.gz,10176567,2025-05-06T19:07:12.681000+00:00,dwll_0197d266-5b2a-7cb3-a382-53f93a2b17a1,https://app.deweydata.io/api/v1/downloads/0197d266-5b2a-7cb3-a382-53f93a2b17a1/link
9,1,https://app.deweydata.io/api/v1/downloads/0197d266-5b2a-7cb3-a382-540c7b505270/link,,brand-and-geography-cohort-breakout_0_3_0.csv.gz,.csv.gz,52442270,2025-05-06T19:06:03.033000+00:00,dwll_0197d266-5b2a-7cb3-a382-540c7b505270,https://app.deweydata.io/api/v1/downloads/0197d266-5b2a-7cb3-a382-540c7b505270/link
10,1,https://app.deweydata.io/api/v1/downloads/0197d266-5b2a-7cb3-a382-541a6d69efed/link,,brand-and-geography-cohort-breakout_0_3_1.csv.gz,.csv.gz,52452141,2025-05-06T19:06:59.207000+00:00,dwll_0197d266-5b2a-7cb3-a382-541a6d69efed,https://app.deweydata.io/api/v1/downloads/0197d266-5b2a-7cb3-a382-541a6d69efed/link
11,1,https://app.deweydata.io/api/v1/downloads/0197d266-5b2a-7cb3-a382-542b6eb08069/link,,brand-and-geography-cohort-breakout_0_3_2.csv.gz,.csv.gz,13640061,2025-05-06T19:07:10.716000+00:00,dwll_0197d266-5b2a-7cb3-a382-542b6eb08069,https://app.deweydata.io/api/v1/downloads/0197d266-5b2a-7cb3-a382-542b6eb08069/link
12,1,https://app.deweydata.io/api/v1/downloads/0197d266-5b2a-7cb3-a382-5432f38c1ac8/link,,brand-and-geography-cohort-breakout_0_4_0.csv.gz,.csv.gz,52438394,2025-05-06T19:06:08.352000+00:00,dwll_0197d266-5b2a-7cb3-a382-5432f38c1ac8,https://app.deweydata.io/api/v1/downloads/0197d266-5b2a-7cb3-a382-5432f38c1ac8/link
13,1,https://app.deweydata.io/api/v1/downloads/0197d266-5b2a-7cb3-a382-544fd86efeb8/link,,brand-and-geography-cohort-breakout_0_4_1.csv.gz,.csv.gz,52434011,2025-05-06T19:07:02.825000+00:00,dwll_0197d266-5b2a-7cb3-a382-544fd86efeb8,https://app.deweydata.io/api/v1/downloads/0197d266-5b2a-7cb3-a382-544fd86efeb8/link
14,1,https://app.deweydata.io/api/v1/downloads/0197d266-5b2a-7cb3-a382-545b1b1e4c4e/link,,brand-and-geography-cohort-breakout_0_4_2.csv.gz,.csv.gz,24951036,2025-05-06T19:07:23.185000+00:00,dwll_0197d266-5b2a-7cb3-a382-545b1b1e4c4e,https://app.deweydata.io/api/v1/downloads/0197d266-5b2a-7cb3-a382-545b1b1e4c4e/link
15,1,https://app.deweydata.io/api/v1/downloads/0197d266-5b2a-7cb3-a382-546753217b0c/link,,brand-and-geography-cohort-breakout_0_5_0.csv.gz,.csv.gz,52435365,2025-05-06T19:06:04.391000+00:00,dwll_0197d266-5b2a-7cb3-a382-546753217b0c,https://app.deweydata.io/api/v1/downloads/0197d266-5b2a-7cb3-a382-546753217b0c/link
16,1,https://app.deweydata.io/api/v1/downloads/0197d266-5b2a-7cb3-a382-5471d45312c9/link,,brand-and-geography-cohort-breakout_0_5_1.csv.gz,.csv.gz,52433077,2025-05-06T19:06:59.621000+00:00,dwll_0197d266-5b2a-7cb3-a382-5471d45312c9,https://app.deweydata.io/api/v1/downloads/0197d266-5b2a-7cb3-a382-5471d45312c9/link
17,1,https://app.deweydata.io/api/v1/downloads/0197d266-5b2a-7cb3-a382-548d7fda9eee/link,,brand-and-geography-cohort-breakout_0_5_2.csv.gz,.csv.gz,5511003,2025-05-06T19:07:03.191000+00:00,dwll_0197d266-5b2a-7cb3-a382-548d7fda9eee,https://app.deweydata.io/api/v1/downloads/0197d266-5b2a-7cb3-a382-548d7fda9eee/link
18,1,https://app.deweydata.io/api/v1/downloads/0197d266-5b2a-7cb3-a382-549c83a06702/link,,brand-and-geography-cohort-breakout_0_6_0.csv.gz,.csv.gz,52433619,2025-05-06T19:06:19.211000+00:00,dwll_0197d266-5b2a-7cb3-a382-549c83a06702,https://app.deweydata.io/api/v1/downloads/0197d266-5b2a-7cb3-a382-549c83a06702/link
19,1,https://app.deweydata.io/api/v1/downloads/0197d266-5b2a-7cb3-a382-54a504c4185e/link,,brand-and-geography-cohort-breakout_0_6_1.csv.gz,.csv.gz,52432618,2025-05-06T19:07:05.348000+00:00,dwll_0197d266-5b2a-7cb3-a382-54a504c4185e,https://app.deweydata.io/api/v1/downloads/0197d266-5b2a-7cb3-a382-54a504c4185e/link
20,1,https://app.deweydata.io/api/v1/downloads/0197d266-5b2a-7cb3-a382-54bddda1a05c/link,,brand-and-geography-cohort-breakout_0_6_2.csv.gz,.csv.gz,10084954,2025-05-06T19:07:16.309000+00:00,dwll_0197d266-5b2a-7cb3-a382-54bddda1a05c,https://app.deweydata.io/api/v1/downloads/0197d266-5b2a-7cb3-a382-54bddda1a05c/link
21,1,https://app.deweydata.io/api/v1/downloads/0197d266-5b2a-7cb3-a382-54cf48506aa9/link,,brand-and-geography-cohort-breakout_0_7_0.csv.gz,.csv.gz,52437820,2025-05-06T19:06:19.881000+00:00,dwll_0197d266-5b2a-7cb3-a382-54cf48506aa9,https://app.deweydata.io/api/v1/downloads/0197d266-5b2a-7cb3-a382-54cf48506aa9/link
22,1,https://app.deweydata.io/api/v1/downloads/0197d266-5b2a-7cb3-a382-54d416815ce4/link,,brand-and-geography-cohort-breakout_0_7_1.csv.gz,.csv.gz,52438923,2025-05-06T19:07:10.812000+00:00,dwll_0197d266-5b2a-7cb3-a382-54d416815ce4,https://app.deweydata.io/api/v1/downloads/0197d266-5b2a-7cb3-a382-54d416815ce4/link
23,1,https://app.deweydata.io/api/v1/downloads/0197d266-5b2a-7cb3-a382-54ec3eb4d03c/link,,brand-and-geography-cohort-breakout_0_7_2.csv.gz,.csv.gz,20023086,2025-05-06T19:07:25.316000+00:00,dwll_0197d266-5b2a-7cb3-a382-54ec3eb4d03c,https://app.deweydata.io/api/v1/downloads/0197d266-5b2a-7cb3-a382-54ec3eb4d03c/link
24,1,https://app.deweydata.io/api/v1/downloads/0197d266-5b2a-7cb3-a382-54fd2e2fc833/link,,brand-and-geography-cohort-breakout_1_0_0.csv.gz,.csv.gz,52441617,2025-05-06T19:06:11.903000+00:00,dwll_0197d266-5b2a-7cb3-a382-54fd2e2fc833,https://app.deweydata.io/api/v1/downloads/0197d266-5b2a-7cb3-a382-54fd2e2fc833/link
25,1,https://app.deweydata.io/api/v1/downloads/0197d266-5b2a-7cb3-a382-5501a69c6011/link,,brand-and-geography-cohort-breakout_1_0_1.csv.gz,.csv.gz,52457114,2025-05-06T19:07:00.753000+00:00,dwll_0197d266-5b2a-7cb3-a382-5501a69c6011,https://app.deweydata.io/api/v1/downloads/0197d266-5b2a-7cb3-a382-5501a69c6011/link
26,1,https://app.deweydata.io/api/v1/downloads/0197d266-5b2a-7cb3-a382-5510c97b585a/link,,brand-and-geography-cohort-breakout_1_0_2.csv.gz,.csv.gz,43969019,2025-05-06T19:07:36.859000+00:00,dwll_0197d266-5b2a-7cb3-a382-5510c97b585a,https://app.deweydata.io/api/v1/downloads/0197d266-5b2a-7cb3-a382-5510c97b585a/link
27,1,https://app.deweydata.io/api/v1/downloads/0197d266-5b2a-7cb3-a382-5523dcf6fbb6/link,,brand-and-geography-cohort-breakout_1_1_0.csv.gz,.csv.gz,52472432,2025-05-06T19:06:15.798000+00:00,dwll_0197d266-5b2a-7cb3-a382-5523dcf6fbb6,https://app.deweydata.io/api/v1/downloads/0197d266-5b2a-7cb3-a382-5523dcf6fbb6/link
28,1,https://app.deweydata.io/api/v1/downloads/0197d266-5b2a-7cb3-a382-55380b2b89c4/link,,brand-and-geography-cohort-breakout_1_1_1.csv.gz,.csv.gz,44594673,2025-05-06T19:06:55.087000+00:00,dwll_0197d266-5b2a-7cb3-a382-55380b2b89c4,https://app.deweydata.io/api/v1/downloads/0197d266-5b2a-7cb3-a382-55380b2b89c4/link
29,1,https://app.deweydata.io/api/v1/downloads/0197d266-5b2a-7cb3-a382-554b6f6eed86/link,,brand-and-geography-cohort-breakout_1_2_0.csv.gz,.csv.gz,52474798,2025-05-06T19:06:08.129000+00:00,dwll_0197d266-5b2a-7cb3-a382-554b6f6eed86,https://app.deweydata.io/api/v1/downloads/0197d266-5b2a-7cb3-a382-554b6f6eed86/link
30,1,https://app.deweydata.io/api/v1/downloads/0197d266-5b2a-7cb3-a382-555e301f3716/link,,brand-and-geography-cohort-breakout_1_2_1.csv.gz,.csv.gz,52461339,2025-05-06T19:07:00.915000+00:00,dwll_0197d266-5b2a-7cb3-a382-555e301f3716,https://app.deweydata.io/api/v1/downloads/0197d266-5b2a-7cb3-a382-555e301f3716/link
31,1,https://app.deweydata.io/api/v1/downloads/0197d266-5b2a-7cb3-a382-55690a53c07a/link,,brand-and-geography-cohort-breakout_1_2_2.csv.gz,.csv.gz,11840929,2025-05-06T19:07:10.560000+00:00,dwll_0197d266-5b2a-7cb3-a382-55690a53c07a,https://app.deweydata.io/api/v1/downloads/0197d266-5b2a-7cb3-a382-55690a53c07a/link
32,1,https://app.deweydata.io/api/v1/downloads/0197d266-5b2a-7cb3-a382-55712dfe2a5d/link,,brand-and-geography-cohort-breakout_1_3_0.csv.gz,.csv.gz,52471743,2025-05-06T19:06:13.003000+00:00,dwll_0197d266-5b2a-7cb3-a382-55712dfe2a5d,https://app.deweydata.io/api/v1/downloads/0197d266-5b2a-7cb3-a382-55712dfe2a5d/link
33,1,https://app.deweydata.io/api/v1/downloads/0197d266-5b2a-7cb3-a382-55880a8f90e9/link,,brand-and-geography-cohort-breakout_1_3_1.csv.gz,.csv.gz,52441938,2025-05-06T19:06:57.451000+00:00,dwll_0197d266-5b2a-7cb3-a382-55880a8f90e9,https://app.deweydata.io/api/v1/downloads/0197d266-5b2a-7cb3-a382-55880a8f90e9/link
34,1,https://app.deweydata.io/api/v1/downloads/0197d266-5b2a-7cb3-a382-559683ffe75a/link,,brand-and-geography-cohort-breakout_1_3_2.csv.gz,.csv.gz,4503069,2025-05-06T19:07:00.332000+00:00,dwll_0197d266-5b2a-7cb3-a382-559683ffe75a,https://app.deweydata.io/api/v1/downloads/0197d266-5b2a-7cb3-a382-559683ffe75a/link
35,1,https://app.deweydata.io/api/v1/downloads/0197d266-5b2a-7cb3-a382-55aa48b5f079/link,,brand-and-geography-cohort-breakout_1_4_0.csv.gz,.csv.gz,52462990,2025-05-06T19:06:09.406000+00:00,dwll_0197d266-5b2a-7cb3-a382-55aa48b5f079,https://app.deweydata.io/api/v1/downloads/0197d266-5b2a-7cb3-a382-55aa48b5f079/link
36,1,https://app.deweydata.io/api/v1/downloads/0197d266-5b2a-7cb3-a382-55b044c67aaa/link,,brand-and-geography-cohort-breakout_1_4_1.csv.gz,.csv.gz,52451605,2025-05-06T19:07:01.044000+00:00,dwll_0197d266-5b2a-7cb3-a382-55b044c67aaa,https://app.deweydata.io/api/v1/downloads/0197d266-5b2a-7cb3-a382-55b044c67aaa/link
37,1,https://app.deweydata.io/api/v1/downloads/0197d266-5b2a-7cb3-a382-55c5353ab2d1/link,,brand-and-geography-cohort-breakout_1_4_2.csv.gz,.csv.gz,4009308,2025-05-06T19:07:03.669000+00:00,dwll_0197d266-5b2a-7cb3-a382-55c5353ab2d1,https://app.deweydata.io/api/v1/downloads/0197d266-5b2a-7cb3-a382-55c5353ab2d1/link
38,1,https://app.deweydata.io/api/v1/downloads/0197d266-5b2a-7cb3-a382-55d916a77beb/link,,brand-and-geography-cohort-breakout_1_5_0.csv.gz,.csv.gz,52471922,2025-05-06T19:06:12.195000+00:00,dwll_0197d266-5b2a-7cb3-a382-55d916a77beb,https://app.deweydata.io/api/v1/downloads/0197d266-5b2a-7cb3-a382-55d916a77beb/link
39,1,https://app.deweydata.io/api/v1/downloads/0197d266-5b2a-7cb3-a382-55e1fc5baebb/link,,brand-and-geography-cohort-breakout_1_5_1.csv.gz,.csv.gz,52467941,2025-05-06T19:07:05.566000+00:00,dwll_0197d266-5b2a-7cb3-a382-55e1fc5baebb,https://app.deweydata.io/api/v1/downloads/0197d266-5b2a-7cb3-a382-55e1fc5baebb/link
40,1,https://app.deweydata.io/api/v1/downloads/0197d266-5b2a-7cb3-a382-55fe878a35ea/link,,brand-and-geography-cohort-breakout_1_5_2.csv.gz,.csv.gz,10307972,2025-05-06T19:07:14.719000+00:00,dwll_0197d266-5b2a-7cb3-a382-55fe878a35ea,https://app.deweydata.io/api/v1/downloads/0197d266-5b2a-7cb3-a382-55fe878a35ea/link
41,1,https://app.deweydata.io/api/v1/downloads/0197d266-5b2a-7cb3-a382-560e3e9a0466/link,,brand-and-geography-cohort-breakout_1_6_0.csv.gz,.csv.gz,52469962,2025-05-06T19:06:05.489000+00:00,dwll_0197d266-5b2a-7cb3-a382-560e3e9a0466,https://app.deweydata.io/api/v1/downloads/0197d266-5b2a-7cb3-a382-560e3e9a0466/link
42,1,https://app.deweydata.io/api/v1/downloads/0197d266-5b2a-7cb3-a382-5616ee8b295d/link,,brand-and-geography-cohort-breakout_1_6_1.csv.gz,.csv.gz,52475802,2025-05-06T19:06:58.533000+00:00,dwll_0197d266-5b2a-7cb3-a382-5616ee8b295d,https://app.deweydata.io/api/v1/downloads/0197d266-5b2a-7cb3-a382-5616ee8b295d/link
43,1,https://app.deweydata.io/api/v1/downloads/0197d266-5b2a-7cb3-a382-562115bfcaab/link,,brand-and-geography-cohort-breakout_1_6_2.csv.gz,.csv.gz,16369515,2025-05-06T19:07:10.675000+00:00,dwll_0197d266-5b2a-7cb3-a382-562115bfcaab,https://app.deweydata.io/api/v1/downloads/0197d266-5b2a-7cb3-a382-562115bfcaab/link
44,1,https://app.deweydata.io/api/v1/downloads/0197d266-5b2a-7cb3-a382-5639131a4a54/link,,brand-and-geography-cohort-breakout_1_7_0.csv.gz,.csv.gz,52451111,2025-05-06T19:06:04.548000+00:00,dwll_0197d266-5b2a-7cb3-a382-5639131a4a54,https://app.deweydata.io/api/v1/downloads/0197d266-5b2a-7cb3-a382-5639131a4a54/link
45,1,https://app.deweydata.io/api/v1/downloads/0197d266-5b2a-7cb3-a382-564eafd8471e/link,,brand-and-geography-cohort-breakout_1_7_1.csv.gz,.csv.gz,52466083,2025-05-06T19:06:57.329000+00:00,dwll_0197d266-5b2a-7cb3-a382-564eafd8471e,https://app.deweydata.io/api/v1/downloads/0197d266-5b2a-7cb3-a382-564eafd8471e/link
46,1,https://app.deweydata.io/api/v1/downloads/0197d266-5b2a-7cb3-a382-565cd76a8683/link,,brand-and-geography-cohort-breakout_1_7_2.csv.gz,.csv.gz,5031579,2025-05-06T19:07:00.743000+00:00,dwll_0197d266-5b2a-7cb3-a382-565cd76a8683,https://app.deweydata.io/api/v1/downloads/0197d266-5b2a-7cb3-a382-565cd76a8683/link
47,1,https://app.deweydata.io/api/v1/downloads/0197d266-5b2a-7cb3-a382-5663c00a3b39/link,,brand-and-geography-cohort-breakout_2_0_0.csv.gz,.csv.gz,52460207,2025-05-06T19:06:08.446000+00:00,dwll_0197d266-5b2a-7cb3-a382-5663c00a3b39,https://app.deweydata.io/api/v1/downloads/0197d266-5b2a-7cb3-a382-5663c00a3b39/link
48,1,https://app.deweydata.io/api/v1/downloads/0197d266-5b2a-7cb3-a382-5670637fce5d/link,,brand-and-geography-cohort-breakout_2_0_1.csv.gz,.csv.gz,52431558,2025-05-06T19:06:59.823000+00:00,dwll_0197d266-5b2a-7cb3-a382-5670637fce5d,https://app.deweydata.io/api/v1/downloads/0197d266-5b2a-7cb3-a382-5670637fce5d/link
49,1,https://app.deweydata.io/api/v1/downloads/0197d266-5b2a-7cb3-a382-56816fbffaa8/link,,brand-and-geography-cohort-breakout_2_0_2.csv.gz,.csv.gz,10515117,2025-05-06T19:07:06.915000+00:00,dwll_0197d266-5b2a-7cb3-a382-56816fbffaa8,https://app.deweydata.io/api/v1/downloads/0197d266-5b2a-7cb3-a382-56816fbffaa8/link
50,2,https://app.deweydata.io/api/v1/downloads/0197d266-5c4f-7d13-b0f2-7526c201142f/link,,brand-and-geography-cohort-breakout_2_1_0.csv.gz,.csv.gz,52449287,2025-05-06T19:06:10.928000+00:00,dwll_0197d266-5c4f-7d13-b0f2-7526c201142f,https://app.deweydata.io/api/v1/downloads/0197d266-5c4f-7d13-b0f2-7526c201142f/link
51,2,https://app.deweydata.io/api/v1/downloads/0197d266-5c4f-7d13-b0f2-753c9ad6b085/link,,brand-and-geography-cohort-breakout_2_1_1.csv.gz,.csv.gz,52451784,2025-05-06T19:06:58.177000+00:00,dwll_0197d266-5c4f-7d13-b0f2-753c9ad6b085,https://app.deweydata.io/api/v1/downloads/0197d266-5c4f-7d13-b0f2-753c9ad6b085/link
52,2,https://app.deweydata.io/api/v1/downloads/0197d266-5c4f-7d13-b0f2-754c324bf686/link,,brand-and-geography-cohort-breakout_2_1_2.csv.gz,.csv.gz,41152698,2025-05-06T19:07:26.287000+00:00,dwll_0197d266-5c4f-7d13-b0f2-754c324bf686,https://app.deweydata.io/api/v1/downloads/0197d266-5c4f-7d13-b0f2-754c324bf686/link
53,2,https://app.deweydata.io/api/v1/downloads/0197d266-5c4f-7d13-b0f2-7550efbc93ef/link,,brand-and-geography-cohort-breakout_2_2_0.csv.gz,.csv.gz,52466592,2025-05-06T19:06:15.826000+00:00,dwll_0197d266-5c4f-7d13-b0f2-7550efbc93ef,https://app.deweydata.io/api/v1/downloads/0197d266-5c4f-7d13-b0f2-7550efbc93ef/link
54,2,https://app.deweydata.io/api/v1/downloads/0197d266-5c4f-7d13-b0f2-7568feb91d59/link,,brand-and-geography-cohort-breakout_2_2_1.csv.gz,.csv.gz,52459998,2025-05-06T19:07:03.732000+00:00,dwll_0197d266-5c4f-7d13-b0f2-7568feb91d59,https://app.deweydata.io/api/v1/downloads/0197d266-5c4f-7d13-b0f2-7568feb91d59/link
55,2,https://app.deweydata.io/api/v1/downloads/0197d266-5c4f-7d13-b0f2-7572d9f72d4a/link,,brand-and-geography-cohort-breakout_2_2_2.csv.gz,.csv.gz,12935766,2025-05-06T19:07:13.130000+00:00,dwll_0197d266-5c4f-7d13-b0f2-7572d9f72d4a,https://app.deweydata.io/api/v1/downloads/0197d266-5c4f-7d13-b0f2-7572d9f72d4a/link
56,2,https://app.deweydata.io/api/v1/downloads/0197d266-5c4f-7d13-b0f2-7587cea06ec5/link,,brand-and-geography-cohort-breakout_2_3_0.csv.gz,.csv.gz,52458473,2025-05-06T19:06:16.953000+00:00,dwll_0197d266-5c4f-7d13-b0f2-7587cea06ec5,https://app.deweydata.io/api/v1/downloads/0197d266-5c4f-7d13-b0f2-7587cea06ec5/link
57,2,https://app.deweydata.io/api/v1/downloads/0197d266-5c4f-7d13-b0f2-759db1ff0d3a/link,,brand-and-geography-cohort-breakout_2_3_1.csv.gz,.csv.gz,52469242,2025-05-06T19:07:00.633000+00:00,dwll_0197d266-5c4f-7d13-b0f2-759db1ff0d3a,https://app.deweydata.io/api/v1/downloads/0197d266-5c4f-7d13-b0f2-759db1ff0d3a/link
58,2,https://app.deweydata.io/api/v1/downloads/0197d266-5c4f-7d13-b0f2-75a7b8043a01/link,,brand-and-geography-cohort-breakout_2_3_2.csv.gz,.csv.gz,2517997,2025-05-06T19:07:02.442000+00:00,dwll_0197d266-5c4f-7d13-b0f2-75a7b8043a01,https://app.deweydata.io/api/v1/downloads/0197d266-5c4f-7d13-b0f2-75a7b8043a01/link
59,2,https://app.deweydata.io/api/v1/downloads/0197d266-5c4f-7d13-b0f2-75b72b9c19f2/link,,brand-and-geography-cohort-breakout_2_4_0.csv.gz,.csv.gz,52461877,2025-05-06T19:06:03.237000+00:00,dwll_0197d266-5c4f-7d13-b0f2-75b72b9c19f2,https://app.deweydata.io/api/v1/downloads/0197d266-5c4f-7d13-b0f2-75b72b9c19f2/link
60,2,https://app.deweydata.io/api/v1/downloads/0197d266-5c4f-7d13-b0f2-75cdeb5ca371/link,,brand-and-geography-cohort-breakout_2_4_1.csv.gz,.csv.gz,52460635,2025-05-06T19:06:57.176000+00:00,dwll_0197d266-5c4f-7d13-b0f2-75cdeb5ca371,https://app.deweydata.io/api/v1/downloads/0197d266-5c4f-7d13-b0f2-75cdeb5ca371/link
61,2,https://app.deweydata.io/api/v1/downloads/0197d266-5c4f-7d13-b0f2-75d38f6e0504/link,,brand-and-geography-cohort-breakout_2_4_2.csv.gz,.csv.gz,7473244,2025-05-06T19:07:02.070000+00:00,dwll_0197d266-5c4f-7d13-b0f2-75d38f6e0504,https://app.deweydata.io/api/v1/downloads/0197d266-5c4f-7d13-b0f2-75d38f6e0504/link
62,2,https://app.deweydata.io/api/v1/downloads/0197d266-5c4f-7d13-b0f2-75ef6ce65f2b/link,,brand-and-geography-cohort-breakout_2_5_0.csv.gz,.csv.gz,52452322,2025-05-06T19:06:13.642000+00:00,dwll_0197d266-5c4f-7d13-b0f2-75ef6ce65f2b,https://app.deweydata.io/api/v1/downloads/0197d266-5c4f-7d13-b0f2-75ef6ce65f2b/link
63,2,https://app.deweydata.io/api/v1/downloads/0197d266-5c4f-7d13-b0f2-75fc55a79358/link,,brand-and-geography-cohort-breakout_2_5_1.csv.gz,.csv.gz,49102164,2025-05-06T19:06:52.987000+00:00,dwll_0197d266-5c4f-7d13-b0f2-75fc55a79358,https://app.deweydata.io/api/v1/downloads/0197d266-5c4f-7d13-b0f2-75fc55a79358/link
64,2,https://app.deweydata.io/api/v1/downloads/0197d266-5c4f-7d13-b0f2-76067e5d243f/link,,brand-and-geography-cohort-breakout_2_6_0.csv.gz,.csv.gz,52469723,2025-05-06T19:06:15.245000+00:00,dwll_0197d266-5c4f-7d13-b0f2-76067e5d243f,https://app.deweydata.io/api/v1/downloads/0197d266-5c4f-7d13-b0f2-76067e5d243f/link
65,2,https://app.deweydata.io/api/v1/downloads/0197d266-5c4f-7d13-b0f2-7619bd5bfb12/link,,brand-and-geography-cohort-breakout_2_6_1.csv.gz,.csv.gz,44090510,2025-05-06T19:07:43.371000+00:00,dwll_0197d266-5c4f-7d13-b0f2-7619bd5bfb12,https://app.deweydata.io/api/v1/downloads/0197d266-5c4f-7d13-b0f2-7619bd5bfb12/link
66,2,https://app.deweydata.io/api/v1/downloads/0197d266-5c4f-7d13-b0f2-762496a90fbb/link,,brand-and-geography-cohort-breakout_2_7_0.csv.gz,.csv.gz,52457619,2025-05-06T19:06:09.377000+00:00,dwll_0197d266-5c4f-7d13-b0f2-762496a90fbb,https://app.deweydata.io/api/v1/downloads/0197d266-5c4f-7d13-b0f2-762496a90fbb/link
67,2,https://app.deweydata.io/api/v1/downloads/0197d266-5c4f-7d13-b0f2-76357ef753b3/link,,brand-and-geography-cohort-breakout_2_7_1.csv.gz,.csv.gz,45130979,2025-05-06T19:06:52.971000+00:00,dwll_0197d266-5c4f-7d13-b0f2-76357ef753b3,https://app.deweydata.io/api/v1/downloads/0197d266-5c4f-7d13-b0f2-76357ef753b3/link
68,2,https://app.deweydata.io/api/v1/downloads/0197d266-5c4f-7d13-b0f2-764ddfbe2a14/link,,brand-and-geography-cohort-breakout_3_0_0.csv.gz,.csv.gz,52455821,2025-05-06T19:06:13.670000+00:00,dwll_0197d266-5c4f-7d13-b0f2-764ddfbe2a14,https://app.deweydata.io/api/v1/downloads/0197d266-5c4f-7d13-b0f2-764ddfbe2a14/link
69,2,https://app.deweydata.io/api/v1/downloads/0197d266-5c4f-7d13-b0f2-765161cdd7f0/link,,brand-and-geography-cohort-breakout_3_0_1.csv.gz,.csv.gz,52453266,2025-05-06T19:07:11.903000+00:00,dwll_0197d266-5c4f-7d13-b0f2-765161cdd7f0,https://app.deweydata.io/api/v1/downloads/0197d266-5c4f-7d13-b0f2-765161cdd7f0/link
70,2,https://app.deweydata.io/api/v1/downloads/0197d266-5c4f-7d13-b0f2-766a55de0812/link,,brand-and-geography-cohort-breakout_3_0_2.csv.gz,.csv.gz,21701923,2025-05-06T19:07:28.072000+00:00,dwll_0197d266-5c4f-7d13-b0f2-766a55de0812,https://app.deweydata.io/api/v1/downloads/0197d266-5c4f-7d13-b0f2-766a55de0812/link
71,2,https://app.deweydata.io/api/v1/downloads/0197d266-5c4f-7d13-b0f2-767484b3be2a/link,,brand-and-geography-cohort-breakout_3_1_0.csv.gz,.csv.gz,52434267,2025-05-06T19:06:31.986000+00:00,dwll_0197d266-5c4f-7d13-b0f2-767484b3be2a,https://app.deweydata.io/api/v1/downloads/0197d266-5c4f-7d13-b0f2-767484b3be2a/link
72,2,https://app.deweydata.io/api/v1/downloads/0197d266-5c4f-7d13-b0f2-768279d65d04/link,,brand-and-geography-cohort-breakout_3_1_1.csv.gz,.csv.gz,52441634,2025-05-06T19:07:21.690000+00:00,dwll_0197d266-5c4f-7d13-b0f2-768279d65d04,https://app.deweydata.io/api/v1/downloads/0197d266-5c4f-7d13-b0f2-768279d65d04/link
73,2,https://app.deweydata.io/api/v1/downloads/0197d266-5c4f-7d13-b0f2-7692a3369439/link,,brand-and-geography-cohort-breakout_3_1_2.csv.gz,.csv.gz,20021956,2025-05-06T19:07:35.036000+00:00,dwll_0197d266-5c4f-7d13-b0f2-7692a3369439,https://app.deweydata.io/api/v1/downloads/0197d266-5c4f-7d13-b0f2-7692a3369439/link
74,2,https://app.deweydata.io/api/v1/downloads/0197d266-5c4f-7d13-b0f2-76a46a829998/link,,brand-and-geography-cohort-breakout_3_2_0.csv.gz,.csv.gz,52456741,2025-05-06T19:06:15.886000+00:00,dwll_0197d266-5c4f-7d13-b0f2-76a46a829998,https://app.deweydata.io/api/v1/downloads/0197d266-5c4f-7d13-b0f2-76a46a829998/link
75,2,https://app.deweydata.io/api/v1/downloads/0197d266-5c4f-7d13-b0f2-76b9a51831dd/link,,brand-and-geography-cohort-breakout_3_2_1.csv.gz,.csv.gz,43641482,2025-05-06T19:06:59.459000+00:00,dwll_0197d266-5c4f-7d13-b0f2-76b9a51831dd,https://app.deweydata.io/api/v1/downloads/0197d266-5c4f-7d13-b0f2-76b9a51831dd/link
76,2,https://app.deweydata.io/api/v1/downloads/0197d266-5c4f-7d13-b0f2-76c609dad786/link,,brand-and-geography-cohort-breakout_3_3_0.csv.gz,.csv.gz,52469018,2025-05-06T19:06:23.664000+00:00,dwll_0197d266-5c4f-7d13-b0f2-76c609dad786,https://app.deweydata.io/api/v1/downloads/0197d266-5c4f-7d13-b0f2-76c609dad786/link
77,2,https://app.deweydata.io/api/v1/downloads/0197d266-5c4f-7d13-b0f2-76d722e18b59/link,,brand-and-geography-cohort-breakout_3_3_1.csv.gz,.csv.gz,52459039,2025-05-06T19:07:13.421000+00:00,dwll_0197d266-5c4f-7d13-b0f2-76d722e18b59,https://app.deweydata.io/api/v1/downloads/0197d266-5c4f-7d13-b0f2-76d722e18b59/link
78,2,https://app.deweydata.io/api/v1/downloads/0197d266-5c4f-7d13-b0f2-76ea17fc0287/link,,brand-and-geography-cohort-breakout_3_3_2.csv.gz,.csv.gz,4074257,2025-05-06T19:07:17.743000+00:00,dwll_0197d266-5c4f-7d13-b0f2-76ea17fc0287,https://app.deweydata.io/api/v1/downloads/0197d266-5c4f-7d13-b0f2-76ea17fc0287/link
79,2,https://app.deweydata.io/api/v1/downloads/0197d266-5c4f-7d13-b0f2-76f412b3cbfc/link,,brand-and-geography-cohort-breakout_3_4_0.csv.gz,.csv.gz,52452861,2025-05-06T19:06:23.444000+00:00,dwll_0197d266-5c4f-7d13-b0f2-76f412b3cbfc,https://app.deweydata.io/api/v1/downloads/0197d266-5c4f-7d13-b0f2-76f412b3cbfc/link
80,2,https://app.deweydata.io/api/v1/downloads/0197d266-5c4f-7d13-b0f2-7700d7faa3d7/link,,brand-and-geography-cohort-breakout_3_4_1.csv.gz,.csv.gz,52471345,2025-05-06T19:07:17.909000+00:00,dwll_0197d266-5c4f-7d13-b0f2-7700d7faa3d7,https://app.deweydata.io/api/v1/downloads/0197d266-5c4f-7d13-b0f2-7700d7faa3d7/link
81,2,https://app.deweydata.io/api/v1/downloads/0197d266-5c4f-7d13-b0f2-7718a2942ab5/link,,brand-and-geography-cohort-breakout_3_4_2.csv.gz,.csv.gz,9999659,2025-05-06T19:07:24.505000+00:00,dwll_0197d266-5c4f-7d13-b0f2-7718a2942ab5,https://app.deweydata.io/api/v1/downloads/0197d266-5c4f-7d13-b0f2-7718a2942ab5/link
82,2,https://app.deweydata.io/api/v1/downloads/0197d266-5c4f-7d13-b0f2-772504d9c60a/link,,brand-and-geography-cohort-breakout_3_5_0.csv.gz,.csv.gz,52461129,2025-05-06T19:06:17.231000+00:00,dwll_0197d266-5c4f-7d13-b0f2-772504d9c60a,https://app.deweydata.io/api/v1/downloads/0197d266-5c4f-7d13-b0f2-772504d9c60a/link
83,2,https://app.deweydata.io/api/v1/downloads/0197d266-5c4f-7d13-b0f2-7733ff0e7ec2/link,,brand-and-geography-cohort-breakout_3_5_1.csv.gz,.csv.gz,33834901,2025-05-06T19:06:54.862000+00:00,dwll_0197d266-5c4f-7d13-b0f2-7733ff0e7ec2,https://app.deweydata.io/api/v1/downloads/0197d266-5c4f-7d13-b0f2-7733ff0e7ec2/link
84,2,https://app.deweydata.io/api/v1/downloads/0197d266-5c4f-7d13-b0f2-774d34b1f447/link,,brand-and-geography-cohort-breakout_3_6_0.csv.gz,.csv.gz,52455352,2025-05-06T19:06:12.759000+00:00,dwll_0197d266-5c4f-7d13-b0f2-774d34b1f447,https://app.deweydata.io/api/v1/downloads/0197d266-5c4f-7d13-b0f2-774d34b1f447/link
85,2,https://app.deweydata.io/api/v1/downloads/0197d266-5c4f-7d13-b0f2-775581994032/link,,brand-and-geography-cohort-breakout_3_6_1.csv.gz,.csv.gz,52469051,2025-05-06T19:07:05.817000+00:00,dwll_0197d266-5c4f-7d13-b0f2-775581994032,https://app.deweydata.io/api/v1/downloads/0197d266-5c4f-7d13-b0f2-775581994032/link
86,2,https://app.deweydata.io/api/v1/downloads/0197d266-5c4f-7d13-b0f2-77696d4bf80d/link,,brand-and-geography-cohort-breakout_3_6_2.csv.gz,.csv.gz,22496634,2025-05-06T19:07:26.164000+00:00,dwll_0197d266-5c4f-7d13-b0f2-77696d4bf80d,https://app.deweydata.io/api/v1/downloads/0197d266-5c4f-7d13-b0f2-77696d4bf80d/link
87,2,https://app.deweydata.io/api/v1/downloads/0197d266-5c4f-7d13-b0f2-77718cb42e5b/link,,brand-and-geography-cohort-breakout_3_7_0.csv.gz,.csv.gz,52468899,2025-05-06T19:06:16.181000+00:00,dwll_0197d266-5c4f-7d13-b0f2-77718cb42e5b,https://app.deweydata.io/api/v1/downloads/0197d266-5c4f-7d13-b0f2-77718cb42e5b/link
88,2,https://app.deweydata.io/api/v1/downloads/0197d266-5c4f-7d13-b0f2-778efa89c77c/link,,brand-and-geography-cohort-breakout_3_7_1.csv.gz,.csv.gz,32329278,2025-05-06T19:06:54.870000+00:00,dwll_0197d266-5c4f-7d13-b0f2-778efa89c77c,https://app.deweydata.io/api/v1/downloads/0197d266-5c4f-7d13-b0f2-778efa89c77c/link
89,2,https://app.deweydata.io/api/v1/downloads/0197d266-5c4f-7d13-b0f2-779d5ab70d5b/link,,brand-and-geography-cohort-breakout_4_0_0.csv.gz,.csv.gz,52469802,2025-05-06T19:06:14.895000+00:00,dwll_0197d266-5c4f-7d13-b0f2-779d5ab70d5b,https://app.deweydata.io/api/v1/downloads/0197d266-5c4f-7d13-b0f2-779d5ab70d5b/link
90,2,https://app.deweydata.io/api/v1/downloads/0197d266-5c4f-7d13-b0f2-77a8e48388b0/link,,brand-and-geography-cohort-breakout_4_0_1.csv.gz,.csv.gz,49694454,2025-05-06T19:07:02.258000+00:00,dwll_0197d266-5c4f-7d13-b0f2-77a8e48388b0,https://app.deweydata.io/api/v1/downloads/0197d266-5c4f-7d13-b0f2-77a8e48388b0/link
91,2,https://app.deweydata.io/api/v1/downloads/0197d266-5c4f-7d13-b0f2-77b529c5c82d/link,,brand-and-geography-cohort-breakout_4_1_0.csv.gz,.csv.gz,52461464,2025-05-06T19:06:18.476000+00:00,dwll_0197d266-5c4f-7d13-b0f2-77b529c5c82d,https://app.deweydata.io/api/v1/downloads/0197d266-5c4f-7d13-b0f2-77b529c5c82d/link
92,2,https://app.deweydata.io/api/v1/downloads/0197d266-5c4f-7d13-b0f2-77c4638f68c8/link,,brand-and-geography-cohort-breakout_4_1_1.csv.gz,.csv.gz,48535908,2025-05-06T19:07:07.329000+00:00,dwll_0197d266-5c4f-7d13-b0f2-77c4638f68c8,https://app.deweydata.io/api/v1/downloads/0197d266-5c4f-7d13-b0f2-77c4638f68c8/link
93,2,https://app.deweydata.io/api/v1/downloads/0197d266-5c4f-7d13-b0f2-77da68e495e1/link,,brand-and-geography-cohort-breakout_4_2_0.csv.gz,.csv.gz,52469863,2025-05-06T19:06:16.805000+00:00,dwll_0197d266-5c4f-7d13-b0f2-77da68e495e1,https://app.deweydata.io/api/v1/downloads/0197d266-5c4f-7d13-b0f2-77da68e495e1/link
94,2,https://app.deweydata.io/api/v1/downloads/0197d266-5c4f-7d13-b0f2-77e005af8a6e/link,,brand-and-geography-cohort-breakout_4_2_1.csv.gz,.csv.gz,52450400,2025-05-06T19:07:14.409000+00:00,dwll_0197d266-5c4f-7d13-b0f2-77e005af8a6e,https://app.deweydata.io/api/v1/downloads/0197d266-5c4f-7d13-b0f2-77e005af8a6e/link
95,2,https://app.deweydata.io/api/v1/downloads/0197d266-5c4f-7d13-b0f2-77f9deb56818/link,,brand-and-geography-cohort-breakout_4_2_2.csv.gz,.csv.gz,6411967,2025-05-06T19:07:18.524000+00:00,dwll_0197d266-5c4f-7d13-b0f2-77f9deb56818,https://app.deweydata.io/api/v1/downloads/0197d266-5c4f-7d13-b0f2-77f9deb56818/link
96,2,https://app.deweydata.io/api/v1/downloads/0197d266-5c4f-7d13-b0f2-7809fbd09080/link,,brand-and-geography-cohort-breakout_4_3_0.csv.gz,.csv.gz,52462212,2025-05-06T19:06:17.539000+00:00,dwll_0197d266-5c4f-7d13-b0f2-7809fbd09080,https://app.deweydata.io/api/v1/downloads/0197d266-5c4f-7d13-b0f2-7809fbd09080/link
97,2,https://app.deweydata.io/api/v1/downloads/0197d266-5c4f-7d13-b0f2-781b5280049d/link,,brand-and-geography-cohort-breakout_4_3_1.csv.gz,.csv.gz,52471089,2025-05-06T19:07:08.434000+00:00,dwll_0197d266-5c4f-7d13-b0f2-781b5280049d,https://app.deweydata.io/api/v1/downloads/0197d266-5c4f-7d13-b0f2-781b5280049d/link
98,2,https://app.deweydata.io/api/v1/downloads/0197d266-5c4f-7d13-b0f2-78271c2b42f5/link,,brand-and-geography-cohort-breakout_4_3_2.csv.gz,.csv.gz,10199847,2025-05-06T19:07:16.045000+00:00,dwll_0197d266-5c4f-7d13-b0f2-78271c2b42f5,https://app.deweydata.io/api/v1/downloads/0197d266-5c4f-7d13-b0f2-78271c2b42f5/link
99,2,https://app.deweydata.io/api/v1/downloads/0197d266-5c4f-7d13-b0f2-783836183609/link,,brand-and-geography-cohort-breakout_4_4_0.csv.gz,.csv.gz,52439276,2025-05-06T19:06:15.310000+00:00,dwll_0197d266-5c4f-7d13-b0f2-783836183609,https://app.deweydata.io/api/v1/downloads/0197d266-5c4f-7d13-b0f2-783836183609/link
100,3,https://app.deweydata.io/api/v1/downloads/0197d266-5d70-78b2-a2a7-2262549c4138/link,,brand-and-geography-cohort-breakout_4_4_1.csv.gz,.csv.gz,50176203,2025-05-06T19:07:01.297000+00:00,dwll_0197d266-5d70-78b2-a2a7-2262549c4138,https://app.deweydata.io/api/v1/downloads/0197d266-5d70-78b2-a2a7-2262549c4138/link
101,3,https://app.deweydata.io/api/v1/downloads/0197d266-5d70-78b2-a2a7-227623737022/link,,brand-and-geography-cohort-breakout_4_5_0.csv.gz,.csv.gz,52438917,2025-05-06T19:06:21.906000+00:00,dwll_0197d266-5d70-78b2-a2a7-227623737022,https://app.deweydata.io/api/v1/downloads/0197d266-5d70-78b2-a2a7-227623737022/link
102,3,https://app.deweydata.io/api/v1/downloads/0197d266-5d70-78b2-a2a7-228235018656/link,,brand-and-geography-cohort-breakout_4_5_1.csv.gz,.csv.gz,36361986,2025-05-06T19:07:02.967000+00:00,dwll_0197d266-5d70-78b2-a2a7-228235018656,https://app.deweydata.io/api/v1/downloads/0197d266-5d70-78b2-a2a7-228235018656/link
103,3,https://app.deweydata.io/api/v1/downloads/0197d266-5d70-78b2-a2a7-2293697c19c0/link,,brand-and-geography-cohort-breakout_4_6_0.csv.gz,.csv.gz,52441784,2025-05-06T19:06:09.692000+00:00,dwll_0197d266-5d70-78b2-a2a7-2293697c19c0,https://app.deweydata.io/api/v1/downloads/0197d266-5d70-78b2-a2a7-2293697c19c0/link
104,3,https://app.deweydata.io/api/v1/downloads/0197d266-5d70-78b2-a2a7-22a5ca9b29c1/link,,brand-and-geography-cohort-breakout_4_6_1.csv.gz,.csv.gz,51518929,2025-05-06T19:06:59.791000+00:00,dwll_0197d266-5d70-78b2-a2a7-22a5ca9b29c1,https://app.deweydata.io/api/v1/downloads/0197d266-5d70-78b2-a2a7-22a5ca9b29c1/link
105,3,https://app.deweydata.io/api/v1/downloads/0197d266-5d70-78b2-a2a7-22b8d254d37f/link,,brand-and-geography-cohort-breakout_4_7_0.csv.gz,.csv.gz,52465587,2025-05-06T19:06:10.987000+00:00,dwll_0197d266-5d70-78b2-a2a7-22b8d254d37f,https://app.deweydata.io/api/v1/downloads/0197d266-5d70-78b2-a2a7-22b8d254d37f/link
106,3,https://app.deweydata.io/api/v1/downloads/0197d266-5d70-78b2-a2a7-22c084096cdb/link,,brand-and-geography-cohort-breakout_4_7_1.csv.gz,.csv.gz,52457946,2025-05-06T19:07:04.302000+00:00,dwll_0197d266-5d70-78b2-a2a7-22c084096cdb,https://app.deweydata.io/api/v1/downloads/0197d266-5d70-78b2-a2a7-22c084096cdb/link
107,3,https://app.deweydata.io/api/v1/downloads/0197d266-5d70-78b2-a2a7-22de9cb507ae/link,,brand-and-geography-cohort-breakout_4_7_2.csv.gz,.csv.gz,11333749,2025-05-06T19:07:13.523000+00:00,dwll_0197d266-5d70-78b2-a2a7-22de9cb507ae,https://app.deweydata.io/api/v1/downloads/0197d266-5d70-78b2-a2a7-22de9cb507ae/link
108,3,https://app.deweydata.io/api/v1/downloads/0197d266-5d70-78b2-a2a7-22e02ffebcc9/link,,brand-and-geography-cohort-breakout_5_0_0.csv.gz,.csv.gz,52474498,2025-05-06T19:06:15.332000+00:00,dwll_0197d266-5d70-78b2-a2a7-22e02ffebcc9,https://app.deweydata.io/api/v1/downloads/0197d266-5d70-78b2-a2a7-22e02ffebcc9/link
109,3,https://app.deweydata.io/api/v1/downloads/0197d266-5d70-78b2-a2a7-22fe2b833de5/link,,brand-and-geography-cohort-breakout_5_0_1.csv.gz,.csv.gz,52450888,2025-05-06T19:07:21.543000+00:00,dwll_0197d266-5d70-78b2-a2a7-22fe2b833de5,https://app.deweydata.io/api/v1/downloads/0197d266-5d70-78b2-a2a7-22fe2b833de5/link
110,3,https://app.deweydata.io/api/v1/downloads/0197d266-5d70-78b2-a2a7-230cff4ba873/link,,brand-and-geography-cohort-breakout_5_0_2.csv.gz,.csv.gz,3522483,2025-05-06T19:07:24.831000+00:00,dwll_0197d266-5d70-78b2-a2a7-230cff4ba873,https://app.deweydata.io/api/v1/downloads/0197d266-5d70-78b2-a2a7-230cff4ba873/link
111,3,https://app.deweydata.io/api/v1/downloads/0197d266-5d70-78b2-a2a7-23193b661067/link,,brand-and-geography-cohort-breakout_5_1_0.csv.gz,.csv.gz,52446476,2025-05-06T19:06:12.251000+00:00,dwll_0197d266-5d70-78b2-a2a7-23193b661067,https://app.deweydata.io/api/v1/downloads/0197d266-5d70-78b2-a2a7-23193b661067/link
112,3,https://app.deweydata.io/api/v1/downloads/0197d266-5d70-78b2-a2a7-2329acc9a849/link,,brand-and-geography-cohort-breakout_5_1_1.csv.gz,.csv.gz,52471380,2025-05-06T19:07:28.373000+00:00,dwll_0197d266-5d70-78b2-a2a7-2329acc9a849,https://app.deweydata.io/api/v1/downloads/0197d266-5d70-78b2-a2a7-2329acc9a849/link
113,3,https://app.deweydata.io/api/v1/downloads/0197d266-5d70-78b2-a2a7-233bd5883b43/link,,brand-and-geography-cohort-breakout_5_1_2.csv.gz,.csv.gz,13756585,2025-05-06T19:07:39.676000+00:00,dwll_0197d266-5d70-78b2-a2a7-233bd5883b43,https://app.deweydata.io/api/v1/downloads/0197d266-5d70-78b2-a2a7-233bd5883b43/link
114,3,https://app.deweydata.io/api/v1/downloads/0197d266-5d70-78b2-a2a7-234cf454d34c/link,,brand-and-geography-cohort-breakout_5_2_0.csv.gz,.csv.gz,52440234,2025-05-06T19:06:15.047000+00:00,dwll_0197d266-5d70-78b2-a2a7-234cf454d34c,https://app.deweydata.io/api/v1/downloads/0197d266-5d70-78b2-a2a7-234cf454d34c/link
115,3,https://app.deweydata.io/api/v1/downloads/0197d266-5d70-78b2-a2a7-23580cce8ca9/link,,brand-and-geography-cohort-breakout_5_2_1.csv.gz,.csv.gz,25537128,2025-05-06T19:06:58.099000+00:00,dwll_0197d266-5d70-78b2-a2a7-23580cce8ca9,https://app.deweydata.io/api/v1/downloads/0197d266-5d70-78b2-a2a7-23580cce8ca9/link
116,3,https://app.deweydata.io/api/v1/downloads/0197d266-5d70-78b2-a2a7-236499ecb6a0/link,,brand-and-geography-cohort-breakout_5_3_0.csv.gz,.csv.gz,52467553,2025-05-06T19:06:20.861000+00:00,dwll_0197d266-5d70-78b2-a2a7-236499ecb6a0,https://app.deweydata.io/api/v1/downloads/0197d266-5d70-78b2-a2a7-236499ecb6a0/link
117,3,https://app.deweydata.io/api/v1/downloads/0197d266-5d70-78b2-a2a7-23766723a250/link,,brand-and-geography-cohort-breakout_5_3_1.csv.gz,.csv.gz,42803006,2025-05-06T19:07:17.635000+00:00,dwll_0197d266-5d70-78b2-a2a7-23766723a250,https://app.deweydata.io/api/v1/downloads/0197d266-5d70-78b2-a2a7-23766723a250/link
118,3,https://app.deweydata.io/api/v1/downloads/0197d266-5d70-78b2-a2a7-23866d0dce7d/link,,brand-and-geography-cohort-breakout_5_4_0.csv.gz,.csv.gz,52442500,2025-05-06T19:06:20.864000+00:00,dwll_0197d266-5d70-78b2-a2a7-23866d0dce7d,https://app.deweydata.io/api/v1/downloads/0197d266-5d70-78b2-a2a7-23866d0dce7d/link
119,3,https://app.deweydata.io/api/v1/downloads/0197d266-5d70-78b2-a2a7-2394d9666997/link,,brand-and-geography-cohort-breakout_5_4_1.csv.gz,.csv.gz,52441787,2025-05-06T19:07:29.993000+00:00,dwll_0197d266-5d70-78b2-a2a7-2394d9666997,https://app.deweydata.io/api/v1/downloads/0197d266-5d70-78b2-a2a7-2394d9666997/link
120,3,https://app.deweydata.io/api/v1/downloads/0197d266-5d70-78b2-a2a7-23a3b6a71f4e/link,,brand-and-geography-cohort-breakout_5_4_2.csv.gz,.csv.gz,32112325,2025-05-06T19:07:57.110000+00:00,dwll_0197d266-5d70-78b2-a2a7-23a3b6a71f4e,https://app.deweydata.io/api/v1/downloads/0197d266-5d70-78b2-a2a7-23a3b6a71f4e/link
121,3,https://app.deweydata.io/api/v1/downloads/0197d266-5d70-78b2-a2a7-23be533be69a/link,,brand-and-geography-cohort-breakout_5_5_0.csv.gz,.csv.gz,52435104,2025-05-06T19:06:12.860000+00:00,dwll_0197d266-5d70-78b2-a2a7-23be533be69a,https://app.deweydata.io/api/v1/downloads/0197d266-5d70-78b2-a2a7-23be533be69a/link
122,3,https://app.deweydata.io/api/v1/downloads/0197d266-5d70-78b2-a2a7-23c33011beaa/link,,brand-and-geography-cohort-breakout_5_5_1.csv.gz,.csv.gz,52449875,2025-05-06T19:07:21.374000+00:00,dwll_0197d266-5d70-78b2-a2a7-23c33011beaa,https://app.deweydata.io/api/v1/downloads/0197d266-5d70-78b2-a2a7-23c33011beaa/link
123,3,https://app.deweydata.io/api/v1/downloads/0197d266-5d70-78b2-a2a7-23d5fbe7d3f6/link,,brand-and-geography-cohort-breakout_5_5_2.csv.gz,.csv.gz,3496469,2025-05-06T19:07:24.657000+00:00,dwll_0197d266-5d70-78b2-a2a7-23d5fbe7d3f6,https://app.deweydata.io/api/v1/downloads/0197d266-5d70-78b2-a2a7-23d5fbe7d3f6/link
124,3,https://app.deweydata.io/api/v1/downloads/0197d266-5d70-78b2-a2a7-23e2a7923d0f/link,,brand-and-geography-cohort-breakout_5_6_0.csv.gz,.csv.gz,52447400,2025-05-06T19:06:15.530000+00:00,dwll_0197d266-5d70-78b2-a2a7-23e2a7923d0f,https://app.deweydata.io/api/v1/downloads/0197d266-5d70-78b2-a2a7-23e2a7923d0f/link
125,3,https://app.deweydata.io/api/v1/downloads/0197d266-5d70-78b2-a2a7-23f0f727b268/link,,brand-and-geography-cohort-breakout_5_6_1.csv.gz,.csv.gz,52438843,2025-05-06T19:07:30.888000+00:00,dwll_0197d266-5d70-78b2-a2a7-23f0f727b268,https://app.deweydata.io/api/v1/downloads/0197d266-5d70-78b2-a2a7-23f0f727b268/link
126,3,https://app.deweydata.io/api/v1/downloads/0197d266-5d70-78b2-a2a7-24025819e7db/link,,brand-and-geography-cohort-breakout_5_6_2.csv.gz,.csv.gz,16401176,2025-05-06T19:07:44.280000+00:00,dwll_0197d266-5d70-78b2-a2a7-24025819e7db,https://app.deweydata.io/api/v1/downloads/0197d266-5d70-78b2-a2a7-24025819e7db/link
127,3,https://app.deweydata.io/api/v1/downloads/0197d266-5d70-78b2-a2a7-2412b56b9eae/link,,brand-and-geography-cohort-breakout_5_7_0.csv.gz,.csv.gz,52468816,2025-05-06T19:06:16.593000+00:00,dwll_0197d266-5d70-78b2-a2a7-2412b56b9eae,https://app.deweydata.io/api/v1/downloads/0197d266-5d70-78b2-a2a7-2412b56b9eae/link
128,3,https://app.deweydata.io/api/v1/downloads/0197d266-5d70-78b2-a2a7-2428916135aa/link,,brand-and-geography-cohort-breakout_5_7_1.csv.gz,.csv.gz,52457137,2025-05-06T19:07:26.305000+00:00,dwll_0197d266-5d70-78b2-a2a7-2428916135aa,https://app.deweydata.io/api/v1/downloads/0197d266-5d70-78b2-a2a7-2428916135aa/link
129,3,https://app.deweydata.io/api/v1/downloads/0197d266-5d70-78b2-a2a7-2437e213cb96/link,,brand-and-geography-cohort-breakout_5_7_2.csv.gz,.csv.gz,3659792,2025-05-06T19:07:28.990000+00:00,dwll_0197d266-5d70-78b2-a2a7-2437e213cb96,https://app.deweydata.io/api/v1/downloads/0197d266-5d70-78b2-a2a7-2437e213cb96/link
130,3,https://app.deweydata.io/api/v1/downloads/0197d266-5d70-78b2-a2a7-244285695c94/link,,brand-and-geography-cohort-breakout_6_0_0.csv.gz,.csv.gz,52445357,2025-05-06T19:06:12.683000+00:00,dwll_0197d266-5d70-78b2-a2a7-244285695c94,https://app.deweydata.io/api/v1/downloads/0197d266-5d70-78b2-a2a7-244285695c94/link
131,3,https://app.deweydata.io/api/v1/downloads/0197d266-5d70-78b2-a2a7-2454dc9f39fb/link,,brand-and-geography-cohort-breakout_6_0_1.csv.gz,.csv.gz,52471938,2025-05-06T19:07:06.641000+00:00,dwll_0197d266-5d70-78b2-a2a7-2454dc9f39fb,https://app.deweydata.io/api/v1/downloads/0197d266-5d70-78b2-a2a7-2454dc9f39fb/link
132,3,https://app.deweydata.io/api/v1/downloads/0197d266-5d70-78b2-a2a7-246f81c0d388/link,,brand-and-geography-cohort-breakout_6_0_2.csv.gz,.csv.gz,17525619,2025-05-06T19:07:21.012000+00:00,dwll_0197d266-5d70-78b2-a2a7-246f81c0d388,https://app.deweydata.io/api/v1/downloads/0197d266-5d70-78b2-a2a7-246f81c0d388/link
133,3,https://app.deweydata.io/api/v1/downloads/0197d266-5d70-78b2-a2a7-247aacbaa86b/link,,brand-and-geography-cohort-breakout_6_1_0.csv.gz,.csv.gz,52473786,2025-05-06T19:06:24.114000+00:00,dwll_0197d266-5d70-78b2-a2a7-247aacbaa86b,https://app.deweydata.io/api/v1/downloads/0197d266-5d70-78b2-a2a7-247aacbaa86b/link
134,3,https://app.deweydata.io/api/v1/downloads/0197d266-5d70-78b2-a2a7-2481024f7e86/link,,brand-and-geography-cohort-breakout_6_1_1.csv.gz,.csv.gz,34069305,2025-05-06T19:06:56.166000+00:00,dwll_0197d266-5d70-78b2-a2a7-2481024f7e86,https://app.deweydata.io/api/v1/downloads/0197d266-5d70-78b2-a2a7-2481024f7e86/link
135,3,https://app.deweydata.io/api/v1/downloads/0197d266-5d70-78b2-a2a7-2490017514d2/link,,brand-and-geography-cohort-breakout_6_2_0.csv.gz,.csv.gz,52431468,2025-05-06T19:06:06.572000+00:00,dwll_0197d266-5d70-78b2-a2a7-2490017514d2,https://app.deweydata.io/api/v1/downloads/0197d266-5d70-78b2-a2a7-2490017514d2/link
136,3,https://app.deweydata.io/api/v1/downloads/0197d266-5d70-78b2-a2a7-24a2bb80fcbd/link,,brand-and-geography-cohort-breakout_6_2_1.csv.gz,.csv.gz,52455177,2025-05-06T19:07:04.753000+00:00,dwll_0197d266-5d70-78b2-a2a7-24a2bb80fcbd,https://app.deweydata.io/api/v1/downloads/0197d266-5d70-78b2-a2a7-24a2bb80fcbd/link
137,3,https://app.deweydata.io/api/v1/downloads/0197d266-5d70-78b2-a2a7-24bb3a6d6ba2/link,,brand-and-geography-cohort-breakout_6_2_2.csv.gz,.csv.gz,17492502,2025-05-06T19:07:20.483000+00:00,dwll_0197d266-5d70-78b2-a2a7-24bb3a6d6ba2,https://app.deweydata.io/api/v1/downloads/0197d266-5d70-78b2-a2a7-24bb3a6d6ba2/link
138,3,https://app.deweydata.io/api/v1/downloads/0197d266-5d70-78b2-a2a7-24c1cbeff080/link,,brand-and-geography-cohort-breakout_6_3_0.csv.gz,.csv.gz,52447734,2025-05-06T19:06:17.035000+00:00,dwll_0197d266-5d70-78b2-a2a7-24c1cbeff080,https://app.deweydata.io/api/v1/downloads/0197d266-5d70-78b2-a2a7-24c1cbeff080/link
139,3,https://app.deweydata.io/api/v1/downloads/0197d266-5d70-78b2-a2a7-24d0a6f29a54/link,,brand-and-geography-cohort-breakout_6_3_1.csv.gz,.csv.gz,52448182,2025-05-06T19:07:09.529000+00:00,dwll_0197d266-5d70-78b2-a2a7-24d0a6f29a54,https://app.deweydata.io/api/v1/downloads/0197d266-5d70-78b2-a2a7-24d0a6f29a54/link
140,3,https://app.deweydata.io/api/v1/downloads/0197d266-5d70-78b2-a2a7-24e1ad4ee70b/link,,brand-and-geography-cohort-breakout_6_3_2.csv.gz,.csv.gz,14817914,2025-05-06T19:07:20.941000+00:00,dwll_0197d266-5d70-78b2-a2a7-24e1ad4ee70b,https://app.deweydata.io/api/v1/downloads/0197d266-5d70-78b2-a2a7-24e1ad4ee70b/link
141,3,https://app.deweydata.io/api/v1/downloads/0197d266-5d70-78b2-a2a7-24f0d2d71cc1/link,,brand-and-geography-cohort-breakout_6_4_0.csv.gz,.csv.gz,52445642,2025-05-06T19:06:15.203000+00:00,dwll_0197d266-5d70-78b2-a2a7-24f0d2d71cc1,https://app.deweydata.io/api/v1/downloads/0197d266-5d70-78b2-a2a7-24f0d2d71cc1/link
142,3,https://app.deweydata.io/api/v1/downloads/0197d266-5d70-78b2-a2a7-2509b5e676f7/link,,brand-and-geography-cohort-breakout_6_4_1.csv.gz,.csv.gz,46755763,2025-05-06T19:07:01.395000+00:00,dwll_0197d266-5d70-78b2-a2a7-2509b5e676f7,https://app.deweydata.io/api/v1/downloads/0197d266-5d70-78b2-a2a7-2509b5e676f7/link
143,3,https://app.deweydata.io/api/v1/downloads/0197d266-5d70-78b2-a2a7-25137aa16a62/link,,brand-and-geography-cohort-breakout_6_5_0.csv.gz,.csv.gz,52472244,2025-05-06T19:06:30.862000+00:00,dwll_0197d266-5d70-78b2-a2a7-25137aa16a62,https://app.deweydata.io/api/v1/downloads/0197d266-5d70-78b2-a2a7-25137aa16a62/link
144,3,https://app.deweydata.io/api/v1/downloads/0197d266-5d70-78b2-a2a7-25277eed9ccb/link,,brand-and-geography-cohort-breakout_6_5_1.csv.gz,.csv.gz,49826903,2025-05-06T19:07:14.471000+00:00,dwll_0197d266-5d70-78b2-a2a7-25277eed9ccb,https://app.deweydata.io/api/v1/downloads/0197d266-5d70-78b2-a2a7-25277eed9ccb/link
145,3,https://app.deweydata.io/api/v1/downloads/0197d266-5d70-78b2-a2a7-2531b6631200/link,,brand-and-geography-cohort-breakout_6_6_0.csv.gz,.csv.gz,52459972,2025-05-06T19:06:15.681000+00:00,dwll_0197d266-5d70-78b2-a2a7-2531b6631200,https://app.deweydata.io/api/v1/downloads/0197d266-5d70-78b2-a2a7-2531b6631200/link
146,3,https://app.deweydata.io/api/v1/downloads/0197d266-5d70-78b2-a2a7-2545ba7a1c8a/link,,brand-and-geography-cohort-breakout_6_6_1.csv.gz,.csv.gz,52468328,2025-05-06T19:07:09.598000+00:00,dwll_0197d266-5d70-78b2-a2a7-2545ba7a1c8a,https://app.deweydata.io/api/v1/downloads/0197d266-5d70-78b2-a2a7-2545ba7a1c8a/link
147,3,https://app.deweydata.io/api/v1/downloads/0197d266-5d70-78b2-a2a7-2554343e2545/link,,brand-and-geography-cohort-breakout_6_6_2.csv.gz,.csv.gz,115107,2025-05-06T19:07:09.669000+00:00,dwll_0197d266-5d70-78b2-a2a7-2554343e2545,https://app.deweydata.io/api/v1/downloads/0197d266-5d70-78b2-a2a7-2554343e2545/link
148,3,https://app.deweydata.io/api/v1/downloads/0197d266-5d70-78b2-a2a7-25682450465b/link,,brand-and-geography-cohort-breakout_6_7_0.csv.gz,.csv.gz,52469067,2025-05-06T19:06:16.165000+00:00,dwll_0197d266-5d70-78b2-a2a7-25682450465b,https://app.deweydata.io/api/v1/downloads/0197d266-5d70-78b2-a2a7-25682450465b/link
149,3,https://app.deweydata.io/api/v1/downloads/0197d266-5d70-78b2-a2a7-25754d9fffec/link,,brand-and-geography-cohort-breakout_6_7_1.csv.gz,.csv.gz,42396480,2025-05-06T19:07:01.752000+00:00,dwll_0197d266-5d70-78b2-a2a7-25754d9fffec,https://app.deweydata.io/api/v1/downloads/0197d266-5d70-78b2-a2a7-25754d9fffec/link
150,4,https://app.deweydata.io/api/v1/downloads/0197d266-5f1d-7950-8da7-6eab4d7847c7/link,,brand-and-geography-cohort-breakout_7_0_0.csv.gz,.csv.gz,52470512,2025-05-06T19:06:14.120000+00:00,dwll_0197d266-5f1d-7950-8da7-6eab4d7847c7,https://app.deweydata.io/api/v1/downloads/0197d266-5f1d-7950-8da7-6eab4d7847c7/link
151,4,https://app.deweydata.io/api/v1/downloads/0197d266-5f1d-7950-8da7-6eb796392b70/link,,brand-and-geography-cohort-breakout_7_0_1.csv.gz,.csv.gz,44670562,2025-05-06T19:06:56.556000+00:00,dwll_0197d266-5f1d-7950-8da7-6eb796392b70,https://app.deweydata.io/api/v1/downloads/0197d266-5f1d-7950-8da7-6eb796392b70/link
152,4,https://app.deweydata.io/api/v1/downloads/0197d266-5f1d-7950-8da7-6ec3327e456d/link,,brand-and-geography-cohort-breakout_7_1_0.csv.gz,.csv.gz,52471406,2025-05-06T19:06:09.673000+00:00,dwll_0197d266-5f1d-7950-8da7-6ec3327e456d,https://app.deweydata.io/api/v1/downloads/0197d266-5f1d-7950-8da7-6ec3327e456d/link
153,4,https://app.deweydata.io/api/v1/downloads/0197d266-5f1d-7950-8da7-6edbfde3ba94/link,,brand-and-geography-cohort-breakout_7_1_1.csv.gz,.csv.gz,52466420,2025-05-06T19:07:02.011000+00:00,dwll_0197d266-5f1d-7950-8da7-6edbfde3ba94,https://app.deweydata.io/api/v1/downloads/0197d266-5f1d-7950-8da7-6edbfde3ba94/link
154,4,https://app.deweydata.io/api/v1/downloads/0197d266-5f1d-7950-8da7-6eeedf6c9b62/link,,brand-and-geography-cohort-breakout_7_1_2.csv.gz,.csv.gz,7426071,2025-05-06T19:07:08.203000+00:00,dwll_0197d266-5f1d-7950-8da7-6eeedf6c9b62,https://app.deweydata.io/api/v1/downloads/0197d266-5f1d-7950-8da7-6eeedf6c9b62/link
155,4,https://app.deweydata.io/api/v1/downloads/0197d266-5f1d-7950-8da7-6ef0050bd49d/link,,brand-and-geography-cohort-breakout_7_2_0.csv.gz,.csv.gz,52432874,2025-05-06T19:06:11.515000+00:00,dwll_0197d266-5f1d-7950-8da7-6ef0050bd49d,https://app.deweydata.io/api/v1/downloads/0197d266-5f1d-7950-8da7-6ef0050bd49d/link
156,4,https://app.deweydata.io/api/v1/downloads/0197d266-5f1d-7950-8da7-6f021c92686e/link,,brand-and-geography-cohort-breakout_7_2_1.csv.gz,.csv.gz,52453818,2025-05-06T19:07:04.711000+00:00,dwll_0197d266-5f1d-7950-8da7-6f021c92686e,https://app.deweydata.io/api/v1/downloads/0197d266-5f1d-7950-8da7-6f021c92686e/link
157,4,https://app.deweydata.io/api/v1/downloads/0197d266-5f1d-7950-8da7-6f1476e7490e/link,,brand-and-geography-cohort-breakout_7_2_2.csv.gz,.csv.gz,10312537,2025-05-06T19:07:14.157000+00:00,dwll_0197d266-5f1d-7950-8da7-6f1476e7490e,https://app.deweydata.io/api/v1/downloads/0197d266-5f1d-7950-8da7-6f1476e7490e/link
158,4,https://app.deweydata.io/api/v1/downloads/0197d266-5f1d-7950-8da7-6f2f890052ab/link,,brand-and-geography-cohort-breakout_7_3_0.csv.gz,.csv.gz,52459490,2025-05-06T19:06:08.744000+00:00,dwll_0197d266-5f1d-7950-8da7-6f2f890052ab,https://app.deweydata.io/api/v1/downloads/0197d266-5f1d-7950-8da7-6f2f890052ab/link
159,4,https://app.deweydata.io/api/v1/downloads/0197d266-5f1d-7950-8da7-6f3a89e79119/link,,brand-and-geography-cohort-breakout_7_3_1.csv.gz,.csv.gz,52468351,2025-05-06T19:08:03.528000+00:00,dwll_0197d266-5f1d-7950-8da7-6f3a89e79119,https://app.deweydata.io/api/v1/downloads/0197d266-5f1d-7950-8da7-6f3a89e79119/link
160,4,https://app.deweydata.io/api/v1/downloads/0197d266-5f1d-7950-8da7-6f4031883c47/link,,brand-and-geography-cohort-breakout_7_3_2.csv.gz,.csv.gz,18472270,2025-05-06T19:07:16.899000+00:00,dwll_0197d266-5f1d-7950-8da7-6f4031883c47,https://app.deweydata.io/api/v1/downloads/0197d266-5f1d-7950-8da7-6f4031883c47/link
161,4,https://app.deweydata.io/api/v1/downloads/0197d266-5f1d-7950-8da7-6f5bf98e47d8/link,,brand-and-geography-cohort-breakout_7_4_0.csv.gz,.csv.gz,52453614,2025-05-06T19:06:05.790000+00:00,dwll_0197d266-5f1d-7950-8da7-6f5bf98e47d8,https://app.deweydata.io/api/v1/downloads/0197d266-5f1d-7950-8da7-6f5bf98e47d8/link
162,4,https://app.deweydata.io/api/v1/downloads/0197d266-5f1d-7950-8da7-6f620414e115/link,,brand-and-geography-cohort-breakout_7_4_1.csv.gz,.csv.gz,52471531,2025-05-06T19:06:58.570000+00:00,dwll_0197d266-5f1d-7950-8da7-6f620414e115,https://app.deweydata.io/api/v1/downloads/0197d266-5f1d-7950-8da7-6f620414e115/link
163,4,https://app.deweydata.io/api/v1/downloads/0197d266-5f1d-7950-8da7-6f7351765cbe/link,,brand-and-geography-cohort-breakout_7_4_2.csv.gz,.csv.gz,8590320,2025-05-06T19:07:05.650000+00:00,dwll_0197d266-5f1d-7950-8da7-6f7351765cbe,https://app.deweydata.io/api/v1/downloads/0197d266-5f1d-7950-8da7-6f7351765cbe/link
164,4,https://app.deweydata.io/api/v1/downloads/0197d266-5f1d-7950-8da7-6f8a988e44b6/link,,brand-and-geography-cohort-breakout_7_5_0.csv.gz,.csv.gz,52467943,2025-05-06T19:06:16.798000+00:00,dwll_0197d266-5f1d-7950-8da7-6f8a988e44b6,https://app.deweydata.io/api/v1/downloads/0197d266-5f1d-7950-8da7-6f8a988e44b6/link
165,4,https://app.deweydata.io/api/v1/downloads/0197d266-5f1d-7950-8da7-6f9f6f1757d1/link,,brand-and-geography-cohort-breakout_7_5_1.csv.gz,.csv.gz,52458582,2025-05-06T19:07:03.402000+00:00,dwll_0197d266-5f1d-7950-8da7-6f9f6f1757d1,https://app.deweydata.io/api/v1/downloads/0197d266-5f1d-7950-8da7-6f9f6f1757d1/link
166,4,https://app.deweydata.io/api/v1/downloads/0197d266-5f1d-7950-8da7-6faf3da00b42/link,,brand-and-geography-cohort-breakout_7_5_2.csv.gz,.csv.gz,19940853,2025-05-06T19:07:19.193000+00:00,dwll_0197d266-5f1d-7950-8da7-6faf3da00b42,https://app.deweydata.io/api/v1/downloads/0197d266-5f1d-7950-8da7-6faf3da00b42/link
167,4,https://app.deweydata.io/api/v1/downloads/0197d266-5f1d-7950-8da7-6fb09cac5641/link,,brand-and-geography-cohort-breakout_7_6_0.csv.gz,.csv.gz,52468361,2025-05-06T19:06:06.809000+00:00,dwll_0197d266-5f1d-7950-8da7-6fb09cac5641,https://app.deweydata.io/api/v1/downloads/0197d266-5f1d-7950-8da7-6fb09cac5641/link
168,4,https://app.deweydata.io/api/v1/downloads/0197d266-5f1d-7950-8da7-6fcc689cb422/link,,brand-and-geography-cohort-breakout_7_6_1.csv.gz,.csv.gz,50275585,2025-05-06T19:07:01.433000+00:00,dwll_0197d266-5f1d-7950-8da7-6fcc689cb422,https://app.deweydata.io/api/v1/downloads/0197d266-5f1d-7950-8da7-6fcc689cb422/link
169,4,https://app.deweydata.io/api/v1/downloads/0197d266-5f1d-7950-8da7-6fd02ff9e263/link,,brand-and-geography-cohort-breakout_7_7_0.csv.gz,.csv.gz,52438818,2025-05-06T19:06:18.889000+00:00,dwll_0197d266-5f1d-7950-8da7-6fd02ff9e263,https://app.deweydata.io/api/v1/downloads/0197d266-5f1d-7950-8da7-6fd02ff9e263/link
170,4,https://app.deweydata.io/api/v1/downloads/0197d266-5f1d-7950-8da7-6fe710a9f2b0/link,,brand-and-geography-cohort-breakout_7_7_1.csv.gz,.csv.gz,52430565,2025-05-06T19:07:05.799000+00:00,dwll_0197d266-5f1d-7950-8da7-6fe710a9f2b0,https://app.deweydata.io/api/v1/downloads/0197d266-5f1d-7950-8da7-6fe710a9f2b0/link
171,4,https://app.deweydata.io/api/v1/downloads/0197d266-5f1d-7950-8da7-6ff543e32eaf/link,,brand-and-geography-cohort-breakout_7_7_2.csv.gz,.csv.gz,5164742,2025-05-06T19:07:10.603000+00:00,dwll_0197d266-5f1d-7950-8da7-6ff543e32eaf,https://app.deweydata.io/api/v1/downloads/0197d266-5f1d-7950-8da7-6ff543e32eaf/link
